Дата;Цена;Откр;Макс;Мин;Объём;Изм %
04012016;6253.31;6347.27;6347.27;6223.36;-;-1.54%
05012016;6301.86;6252.98;6314.48;6227.05;-;0.78%
06012016;6269.00;6299.47;6312.40;6244.63;-;-0.52%
11012016;6076.66;6233.95;6152.93;6043.28;-;-3.07%
12012016;6104.13;6055.07;6165.31;5980.15;-;0.45%
13012016;6036.04;6118.09;6160.19;6036.04;-;-1.12%
14012016;6114.95;6028.70;6131.31;6003.45;-;1.31%
15012016;5824.62;6117.58;6117.58;5803.11;-;-4.75%
18012016;5832.38;5810.94;5860.05;5688.48;-;0.13%
19012016;5859.31;5845.53;5972.95;5793.88;-;0.46%
20012016;5739.57;5834.20;5834.20;5692.02;-;-2.04%
21012016;5787.26;5745.35;5810.73;5733.21;-;0.83%
22012016;5975.02;5829.16;5975.02;5790.31;-;3.24%
25012016;5910.60;5976.72;6008.61;5894.71;-;-1.08%
26012016;5897.89;5895.26;5917.59;5826.62;-;-0.22%
27012016;6054.25;5904.66;6074.17;5897.83;-;2.65%
28012016;6112.09;6054.67;6141.34;6038.41;-;0.96%
29012016;6182.33;6117.03;6212.95;6101.06;-;1.15%
01022016;6214.27;6215.11;6255.26;6153.62;-;0.52%
02022016;6117.55;6202.56;6226.85;6073.89;-;-1.56%
03022016;6135.89;6116.81;6220.96;6069.49;-;0.30%
04022016;6136.88;6060.18;6172.19;6060.18;-;0.02%
05022016;6109.24;6128.98;6170.34;6099.08;-;-0.45%
08022016;5991.95;6107.13;6139.03;5969.63;-;-1.92%
09022016;5964.69;5989.98;6051.01;5932.14;-;-0.45%
10022016;6028.02;5959.18;6045.90;5926.33;-;1.06%
11022016;5918.38;6018.99;6008.13;5856.99;-;-1.82%
12022016;5978.62;5931.64;5994.38;5923.30;-;1.02%
15022016;6013.34;5994.98;6041.78;5990.10;-;0.58%
16022016;6046.48;6023.21;6088.18;6016.91;-;0.55%
17022016;6112.55;6046.48;6131.58;6009.39;-;1.09%
18022016;6251.30;6116.66;6251.30;6138.28;-;2.27%
19022016;6169.30;6241.14;6241.14;6143.20;-;-1.31%
20022016;6178.47;6171.27;6205.37;6166.23;-;0.15%
22022016;6246.80;6181.15;6272.45;6191.09;-;1.11%
24022016;6204.88;6181.00;6236.28;6156.13;-;-0.67%
25022016;6253.19;6224.70;6284.05;6183.15;-;0.78%
26022016;6320.83;6290.56;6359.35;6288.24;-;1.08%
29022016;6384.83;6281.37;6384.83;6272.28;-;1.01%
01032016;6375.52;6403.60;6447.89;6354.04;-;-0.15%
02032016;6366.87;6418.58;6425.22;6365.07;-;-0.14%
03032016;6418.18;6406.08;6435.98;6356.99;-;0.81%
04032016;6503.34;6435.50;6503.34;6398.09;-;1.33%
07032016;6612.92;6532.79;6612.92;6506.64;-;1.68%
09032016;6550.16;6589.13;6596.49;6523.08;-;-0.95%
10032016;6623.26;6570.67;6644.17;6529.62;-;1.12%
11032016;6623.90;6637.11;6688.06;6602.50;-;0.01%
14032016;6607.23;6622.52;6656.56;6556.34;-;-0.25%
15032016;6549.98;6633.14;6659.50;6523.89;-;-0.87%
16032016;6605.21;6572.76;6607.95;6549.73;-;0.84%
17032016;6663.61;6649.34;6737.44;6635.56;-;0.88%
18032016;6693.38;6665.12;6774.43;6647.27;-;0.45%
21032016;6601.41;6671.08;6673.64;6582.83;-;-1.37%
22032016;6547.08;6609.50;6669.46;6524.20;-;-0.82%
23032016;6522.05;6518.54;6593.64;6480.48;-;-0.38%
24032016;6513.78;6498.00;6528.94;6486.57;-;-0.13%
25032016;6543.56;6550.61;6573.97;6533.68;-;0.46%
28032016;6466.18;6573.31;6595.13;6444.53;-;-1.18%
29032016;6428.91;6459.55;6467.16;6358.34;-;-0.58%
30032016;6529.35;6480.56;6529.84;6454.33;-;1.56%
31032016;6624.82;6494.68;6627.25;6475.09;-;1.46%
01042016;6555.12;6583.46;6601.65;6480.69;-;-1.05%
04042016;6542.82;6555.05;6594.22;6517.86;-;-0.19%
05042016;6458.21;6498.94;6498.94;6433.93;-;-1.29%
06042016;6492.03;6500.18;6515.64;6447.33;-;0.52%
07042016;6504.49;6544.15;6546.02;6453.80;-;0.19%
08042016;6603.66;6508.87;6624.77;6502.77;-;1.52%
11042016;6789.19;6595.69;6789.19;6592.05;-;2.81%
12042016;6805.89;6788.05;6852.26;6765.79;-;0.25%
13042016;6891.90;6833.60;6915.80;6813.50;-;1.26%
14042016;6821.47;6866.85;6874.28;6741.59;-;-1.02%
15042016;6840.90;6796.71;6859.80;6781.23;-;0.28%
18042016;6824.77;6736.11;6824.77;6717.62;-;-0.24%
19042016;6940.55;6846.88;6970.09;6841.63;-;1.70%
20042016;6985.88;6909.99;7003.30;6880.08;-;0.65%
21042016;6880.09;7041.60;7068.22;6846.55;-;-1.51%
22042016;6928.69;6890.05;6931.29;6840.63;-;0.71%
25042016;6894.26;6911.64;6942.75;6854.26;-;-0.50%
26042016;6783.25;6864.46;6873.11;6734.42;-;-1.61%
27042016;6810.98;6808.10;6869.67;6781.29;-;0.41%
28042016;6914.53;6827.92;6914.53;6769.31;-;1.52%
29042016;6811.57;6879.02;6907.28;6784.64;-;-1.49%
04052016;6798.11;6697.22;6798.11;6688.71;-;-0.20%
05052016;6824.28;6783.46;6843.35;6760.75;-;0.38%
06052016;6758.86;6796.93;6796.93;6704.86;-;-0.96%
10052016;6710.06;6733.88;6759.82;6650.51;-;-0.72%
11052016;6855.93;6737.63;6866.23;6735.53;-;2.17%
12052016;6838.74;6867.23;6910.98;6807.92;-;-0.25%
13052016;6803.62;6750.65;6806.20;6719.98;-;-0.51%
16052016;6867.32;6819.64;6902.97;6819.64;-;0.94%
17052016;6853.75;6877.12;6890.37;6787.77;-;-0.20%
18052016;6919.92;6833.62;6934.13;6827.09;-;0.97%
19052016;6868.21;6874.85;6884.55;6835.15;-;-0.75%
20052016;6884.72;6905.68;6908.68;6857.04;-;0.24%
23052016;6867.08;6876.64;6877.75;6809.61;-;-0.26%
24052016;6934.55;6868.53;6934.55;6864.50;-;0.98%
25052016;7073.28;6972.29;7086.16;6972.29;-;2.00%
26052016;7131.57;7110.43;7172.72;7039.65;-;0.82%
27052016;7150.24;7129.85;7164.73;7065.08;-;0.26%
30052016;7191.34;7151.14;7196.61;7117.97;-;0.57%
31052016;7170.30;7196.36;7239.49;7103.75;-;-0.29%
01062016;7069.53;7129.92;7148.06;7069.53;-;-1.41%
02062016;7114.24;7087.82;7147.06;7061.03;-;0.63%
03062016;7144.10;7149.97;7191.56;7106.47;-;0.42%
06062016;7267.60;7159.22;7273.89;7159.22;-;1.73%
07062016;7446.15;7244.71;7454.17;7244.71;-;2.46%
08062016;7490.87;7455.89;7495.90;7392.23;-;0.60%
09062016;7496.45;7497.25;7513.86;7457.27;-;0.07%
10062016;7438.40;7435.38;7486.03;7435.38;-;-0.77%
14062016;7300.57;7401.52;7401.52;7265.26;-;-1.85%
15062016;7347.54;7269.03;7349.44;7269.03;-;0.64%
16062016;7241.70;7295.30;7299.10;7176.26;-;-1.44%
17062016;7130.65;7277.38;7315.59;7130.65;-;-1.53%
20062016;7376.99;7242.10;7379.73;7242.10;-;3.45%
21062016;7357.32;7339.99;7369.60;7273.58;-;-0.27%
22062016;7327.08;7384.76;7408.41;7296.15;-;-0.41%
23062016;7402.46;7308.51;7404.71;7289.04;-;1.03%
24062016;7204.06;7146.21;7265.91;7090.57;-;-2.68%
27062016;7012.85;7216.11;7241.55;7011.79;-;-2.65%
28062016;7080.71;7084.81;7093.44;6995.05;-;0.97%
29062016;7235.09;7106.22;7235.09;7087.32;-;2.18%
30062016;7178.44;7224.90;7267.99;7163.31;-;-0.78%
01072016;7229.40;7164.67;7230.60;7129.04;-;0.71%
04072016;7240.65;7258.33;7277.32;7193.29;-;0.16%
05072016;7175.16;7216.27;7216.27;7165.50;-;-0.90%
06072016;7126.09;7175.65;7189.24;7078.79;-;-0.68%
07072016;7218.94;7180.25;7271.78;7169.96;-;1.30%
08072016;7279.62;7179.05;7289.54;7167.41;-;0.84%
11072016;7431.62;7296.66;7440.66;7296.66;-;2.09%
12072016;7513.90;7426.22;7521.09;7425.97;-;1.11%
13072016;7435.21;7465.54;7488.21;7420.93;-;-1.05%
14072016;7472.07;7460.02;7474.14;7372.62;-;0.50%
15072016;7439.69;7458.06;7489.09;7387.33;-;-0.43%
18072016;7479.16;7422.96;7500.50;7408.68;-;0.53%
19072016;7430.36;7449.04;7507.86;7378.59;-;-0.65%
20072016;7356.48;7403.39;7421.23;7304.10;-;-0.99%
21072016;7392.27;7385.35;7414.10;7338.98;-;0.49%
22072016;7384.31;7390.33;7436.63;7384.31;-;-0.11%
25072016;7398.21;7409.99;7439.56;7356.55;-;0.19%
26072016;7379.50;7396.16;7406.22;7291.91;-;-0.25%
27072016;7405.68;7386.71;7424.07;7353.89;-;0.35%
28072016;7476.70;7403.36;7476.70;7351.44;-;0.96%
29072016;7450.05;7471.28;7471.28;7394.57;-;-0.36%
01082016;7434.68;7480.55;7511.31;7420.07;-;-0.21%
02082016;7354.24;7415.85;7420.08;7321.50;-;-1.08%
03082016;7383.63;7352.22;7392.49;7333.65;-;0.40%
04082016;7488.74;7426.00;7499.45;7420.73;-;1.42%
05082016;7486.92;7511.03;7546.59;7440.67;-;-0.02%
08082016;7558.02;7517.78;7561.32;7488.90;-;0.95%
09082016;7539.60;7555.20;7573.99;7517.10;-;-0.24%
10082016;7527.21;7528.26;7596.78;7497.07;-;-0.16%
11082016;7577.94;7524.78;7577.94;7477.15;-;0.67%
12082016;7632.31;7610.88;7662.12;7600.94;-;0.72%
15082016;7638.69;7640.59;7676.91;7630.22;-;0.08%
16082016;7685.13;7626.44;7685.13;7621.08;-;0.61%
17082016;7645.81;7646.65;7661.23;7619.37;-;-0.51%
18082016;7619.51;7657.66;7674.27;7605.14;-;-0.34%
19082016;7553.66;7628.87;7634.53;7539.10;-;-0.86%
22082016;7599.35;7517.98;7610.78;7490.09;-;0.60%
23082016;7643.89;7571.99;7650.13;7568.44;-;0.59%
24082016;7670.75;7616.87;7670.75;7610.37;-;0.35%
25082016;7740.97;7678.60;7758.85;7658.07;-;0.92%
26082016;7814.86;7751.57;7826.32;7728.55;-;0.95%
29082016;7827.82;7766.83;7827.82;7750.05;-;0.17%
30082016;7812.43;7814.43;7845.63;7804.15;-;-0.20%
31082016;7742.96;7825.92;7845.50;7710.80;-;-0.89%
01092016;7762.29;7738.12;7781.87;7717.88;-;0.25%
02092016;7918.41;7786.05;7930.80;7754.94;-;2.01%
05092016;7967.34;7939.34;7995.21;7929.52;-;0.62%
06092016;8047.02;7983.39;8051.79;7938.00;-;1.00%
07092016;8085.37;8073.07;8106.07;8038.94;-;0.48%
08092016;8068.71;8108.09;8147.22;8029.91;-;-0.21%
09092016;7985.37;8031.26;8038.90;7981.58;-;-1.03%
12092016;7914.96;7935.40;7957.60;7867.13;-;-0.88%
13092016;7822.89;7930.30;7943.12;7818.68;-;-1.16%
14092016;7828.57;7833.45;7839.56;7798.56;-;0.07%
15092016;7799.32;7800.42;7815.37;7741.33;-;-0.37%
16092016;7746.22;7803.49;7841.45;7725.05;-;-0.68%
19092016;7832.27;7786.90;7854.83;7777.18;-;1.11%
20092016;7855.22;7804.24;7855.22;7771.91;-;0.29%
21092016;7880.10;7880.71;7925.74;7859.43;-;0.32%
22092016;8055.01;7929.01;8055.01;7896.66;-;2.22%
23092016;7967.03;8034.06;8034.06;7927.98;-;-1.09%
26092016;7879.70;7917.30;7939.25;7855.62;-;-1.10%
27092016;7725.99;7868.77;7884.46;7725.99;-;-1.95%
28092016;7721.99;7737.50;7801.34;7713.87;-;-0.05%
29092016;7777.10;7829.33;7844.64;7775.81;-;0.71%
30092016;7720.13;7718.02;7740.43;7655.52;-;-0.73%
03102016;7805.45;7726.88;7810.34;7708.19;-;1.11%
04102016;7656.52;7794.55;7805.47;7656.52;-;-1.91%
05102016;7667.14;7673.83;7693.49;7610.84;-;0.14%
06102016;7655.42;7650.78;7665.62;7617.77;-;-0.15%
07102016;7642.38;7673.32;7715.71;7621.14;-;-0.17%
10102016;7721.95;7643.48;7722.16;7621.66;-;1.04%
11102016;7718.46;7707.05;7738.14;7680.84;-;-0.05%
12102016;7642.27;7712.32;7725.71;7628.81;-;-0.99%
13102016;7588.15;7622.78;7636.84;7571.06;-;-0.71%
14102016;7598.09;7584.60;7642.73;7574.25;-;0.13%
17102016;7581.50;7605.65;7615.07;7573.09;-;-0.22%
18102016;7623.65;7613.70;7631.01;7587.07;-;0.56%
19102016;7621.72;7633.40;7642.82;7608.51;-;-0.03%
20102016;7523.21;7625.94;7631.76;7523.21;-;-1.29%
21102016;7456.68;7518.90;7524.18;7445.06;-;-0.88%
24102016;7440.13;7487.27;7502.20;7420.56;-;-0.22%
25102016;7598.38;7455.03;7638.89;7447.36;-;2.13%
26102016;7549.98;7589.39;7606.45;7532.43;-;-0.64%
27102016;7514.44;7568.14;7601.42;7508.95;-;-0.47%
28102016;7473.61;7507.80;7513.73;7455.19;-;-0.54%
31102016;7420.45;7458.75;7458.75;7407.76;-;-0.71%
01112016;7433.19;7462.20;7478.57;7416.35;-;0.17%
02112016;7346.18;7406.76;7406.76;7331.10;-;-1.17%
03112016;7352.84;7346.98;7380.44;7325.34;-;0.09%
07112016;7236.45;7401.33;7401.33;7236.45;-;-1.58%
08112016;7302.07;7284.34;7323.91;7271.68;-;0.91%
09112016;7460.16;7192.11;7468.34;7192.11;-;2.17%
10112016;7538.35;7503.20;7644.52;7499.18;-;1.05%
11112016;7439.17;7529.00;7539.87;7439.17;-;-1.32%
14112016;7361.02;7476.08;7494.98;7361.02;-;-1.05%
15112016;7363.94;7398.39;7425.00;7356.58;-;0.04%
16112016;7390.39;7423.97;7445.40;7369.72;-;0.36%
17112016;7342.33;7396.44;7416.11;7339.79;-;-0.65%
18112016;7408.40;7349.03;7418.22;7338.97;-;0.90%
21112016;7473.01;7438.67;7500.56;7426.74;-;0.87%
22112016;7560.66;7489.04;7585.35;7482.71;-;1.17%
23112016;7643.19;7578.62;7645.93;7564.54;-;1.09%
24112016;7734.63;7645.62;7752.93;7622.01;-;1.20%
25112016;7699.34;7730.24;7745.45;7683.59;-;-0.46%
28112016;7687.15;7700.75;7721.44;7658.84;-;-0.16%
29112016;7690.27;7665.92;7701.32;7655.13;-;0.04%
30112016;7787.28;7713.48;7814.38;7679.69;-;1.26%
01122016;7764.86;7836.37;7859.04;7745.19;-;-0.29%
02122016;7754.15;7741.46;7785.08;7701.65;-;-0.14%
05122016;7855.00;7753.77;7871.66;7744.57;-;1.30%
06122016;7810.54;7859.51;7896.33;7800.59;-;-0.57%
07122016;7844.54;7820.96;7891.82;7787.67;-;0.44%
08122016;8045.92;7872.26;8050.92;7865.07;-;2.57%
09122016;8227.60;8080.07;8227.60;8050.92;-;2.26%
12122016;8289.34;8308.28;8366.08;8257.45;-;0.75%
13122016;8365.76;8289.93;8390.47;8227.82;-;0.92%
14122016;8209.11;8366.80;8394.76;8191.80;-;-1.87%
15122016;8274.05;8169.06;8284.40;8125.24;-;0.79%
16122016;8250.64;8313.89;8363.11;8247.72;-;-0.28%
19122016;8258.30;8269.56;8311.05;8233.89;-;0.09%
20122016;8265.24;8241.15;8285.97;8209.45;-;0.08%
21122016;8180.00;8264.55;8327.62;8167.13;-;-1.03%
22122016;8056.35;8142.52;8166.28;8056.35;-;-1.51%
23122016;8071.73;8047.65;8102.09;8012.93;-;0.19%
26122016;8078.52;8085.93;8117.08;8067.69;-;0.08%
27122016;8139.34;8088.29;8145.33;8079.73;-;0.75%
28122016;8153.33;8149.24;8198.66;8131.25;-;0.17%
29122016;8261.89;8146.02;8274.22;8111.74;-;1.33%
30122016;8347.87;8267.55;8358.07;8252.26;-;1.04%
03012017;8465.29;8338.97;8542.45;8371.74;-;1.41%
04012017;8449.26;8435.13;8473.04;8402.08;-;-0.19%
05012017;8308.56;8459.29;8474.57;8278.74;-;-1.67%
06012017;8259.89;8315.50;8329.56;8211.41;-;-0.59%
09012017;8252.08;8298.19;8333.43;8233.24;-;-0.09%
10012017;8346.02;8267.42;8356.66;8257.10;-;1.14%
11012017;8370.53;8324.55;8435.51;8309.39;-;0.29%
12012017;8400.74;8396.68;8424.98;8315.47;-;0.36%
13012017;8361.51;8408.40;8431.44;8303.33;-;-0.47%
16012017;8326.59;8359.25;8396.08;8307.57;-;-0.42%
17012017;8271.63;8348.85;8372.19;8250.67;-;-0.66%
18012017;8271.08;8275.16;8328.39;8229.20;-;-0.01%
19012017;8341.68;8290.80;8354.68;8256.48;-;0.85%
20012017;8335.84;8337.38;8357.11;8295.04;-;-0.07%
23012017;8308.81;8321.39;8334.31;8272.69;-;-0.32%
24012017;8378.66;8329.94;8391.80;8327.61;-;0.84%
25012017;8368.71;8368.45;8407.01;8362.92;-;-0.12%
26012017;8518.20;8392.47;8523.17;8377.36;-;1.79%
27012017;8627.87;8512.57;8627.87;8494.90;-;1.29%
30012017;8503.14;8603.77;8637.48;8500.94;-;-1.45%
31012017;8398.81;8500.92;8538.35;8398.81;-;-1.23%
01022017;8451.67;8410.12;8451.67;8384.40;-;0.63%
02022017;8398.29;8441.66;8471.81;8355.34;-;-0.63%
03022017;8474.86;8400.15;8474.86;8367.34;-;0.91%
06022017;8383.33;8478.10;8509.42;8371.35;-;-1.08%
07022017;8417.44;8376.18;8432.27;8335.50;-;0.41%
08022017;8347.59;8401.94;8417.10;8335.42;-;-0.83%
09022017;8319.34;8373.25;8381.61;8253.01;-;-0.34%
10022017;8234.71;8335.97;8362.72;8205.78;-;-1.02%
13022017;8192.80;8247.27;8290.99;8157.98;-;-0.51%
14022017;8112.58;8191.53;8197.17;8068.25;-;-0.98%
15022017;8092.55;8087.10;8174.36;7999.32;-;-0.25%
16022017;8102.93;8101.65;8117.90;8033.97;-;0.13%
17022017;8064.54;8114.04;8120.69;8039.32;-;-0.47%
20022017;8061.59;8101.62;8101.62;8039.05;-;-0.04%
21022017;8075.71;8057.90;8113.73;8016.66;-;0.18%
22022017;8063.56;8073.07;8078.25;7985.30;-;-0.15%
24022017;8004.10;8049.25;8080.58;7995.38;-;-0.74%
27022017;7873.11;8019.64;8023.57;7849.14;-;-1.64%
28022017;7835.93;7879.06;7879.06;7707.81;-;-0.47%
01032017;8011.63;7830.68;8011.63;7820.71;-;2.24%
02032017;7910.78;8021.98;8065.13;7878.83;-;-1.26%
03032017;7797.82;7869.92;7874.00;7757.37;-;-1.43%
06032017;7736.39;7794.63;7850.60;7718.01;-;-0.79%
07032017;7756.20;7725.12;7756.20;7638.62;-;0.26%
09032017;7523.75;7660.54;7716.30;7509.11;-;-3.00%
10032017;7532.28;7549.66;7603.10;7503.00;-;0.11%
13032017;7622.77;7539.46;7642.42;7496.91;-;1.20%
14032017;7617.18;7637.42;7673.42;7580.29;-;-0.07%
15032017;7513.43;7647.51;7681.01;7507.04;-;-1.36%
16032017;7645.24;7603.28;7663.40;7563.68;-;1.75%
17032017;7737.93;7650.09;7766.68;7636.12;-;1.21%
20032017;7816.25;7761.70;7824.74;7728.16;-;1.01%
21032017;7769.54;7820.92;7886.68;7733.79;-;-0.60%
22032017;7744.78;7719.09;7744.78;7619.43;-;-0.32%
23032017;7736.85;7772.99;7797.54;7678.60;-;-0.10%
24032017;7786.78;7733.64;7798.60;7712.53;-;0.65%
27032017;7683.55;7724.70;7726.75;7629.02;-;-1.33%
28032017;7776.97;7704.87;7777.14;7675.74;-;1.22%
29032017;7769.25;7797.17;7825.79;7748.41;-;-0.10%
30032017;7798.73;7791.59;7808.84;7739.09;-;0.38%
31032017;7672.80;7794.73;7804.57;7672.80;-;-1.61%
03042017;7804.31;7669.11;7804.31;7669.11;-;1.71%
04042017;7824.84;7794.33;7827.27;7752.43;-;0.26%
05042017;7902.78;7831.62;7926.11;7811.91;-;1.00%
06042017;7861.11;7881.07;7882.59;7832.67;-;-0.53%
07042017;7685.23;7818.35;7818.46;7663.26;-;-2.24%
10042017;7464.81;7640.69;7640.69;7422.29;-;-2.87%
11042017;7489.51;7456.27;7543.62;7449.05;-;0.33%
12042017;7336.12;7510.92;7530.05;7315.67;-;-2.05%
13042017;7354.01;7377.97;7387.99;7235.99;-;0.24%
14042017;7268.20;7324.69;7343.02;7239.26;-;-1.17%
17042017;7420.63;7271.93;7424.55;7236.01;-;2.10%
18042017;7362.90;7428.91;7436.18;7316.86;-;-0.78%
19042017;7375.67;7344.77;7396.32;7322.94;-;0.17%
20042017;7499.09;7346.35;7502.69;7312.05;-;1.67%
21042017;7556.68;7507.62;7599.08;7492.71;-;0.77%
24042017;7660.12;7614.72;7680.53;7606.08;-;1.37%
25042017;7748.70;7652.42;7781.06;7617.04;-;1.16%
26042017;7868.29;7785.58;7875.13;7730.85;-;1.54%
27042017;7793.46;7832.43;7845.50;7776.41;-;-0.95%
28042017;7772.40;7817.03;7845.69;7772.40;-;-0.27%
02052017;7899.09;7794.57;7934.86;7788.06;-;1.63%
03052017;7443.90;7755.84;7755.84;7431.78;-;-5.76%
04052017;7409.63;7457.11;7552.73;7397.25;-;-0.46%
05052017;7396.33;7320.64;7404.13;7320.64;-;-0.18%
10052017;7572.23;7488.67;7584.36;7467.57;-;2.38%
11052017;7400.43;7572.85;7580.82;7398.63;-;-2.27%
12052017;7342.92;7396.72;7402.61;7311.96;-;-0.78%
15052017;7303.10;7266.04;7311.07;7250.24;-;-0.54%
16052017;7237.33;7303.53;7351.44;7237.33;-;-0.90%
17052017;7246.47;7219.26;7289.18;7196.74;-;0.13%
18052017;7152.34;7216.91;7229.34;7119.61;-;-1.30%
19052017;7165.00;7193.62;7244.32;7138.59;-;0.18%
22052017;7113.07;7185.11;7188.67;7096.27;-;-0.72%
23052017;7189.50;7108.48;7200.33;7093.33;-;1.07%
24052017;7086.80;7116.05;7192.95;7038.52;-;-1.43%
25052017;7016.79;7105.16;7111.41;7009.40;-;-0.99%
26052017;6931.94;7000.13;7005.60;6915.50;-;-1.21%
29052017;6987.84;6938.62;7005.70;6919.60;-;0.81%
30052017;6971.86;6962.87;7007.87;6942.73;-;-0.23%
31052017;6916.81;6980.14;6994.77;6888.93;-;-0.79%
01062017;6835.91;6935.85;6959.48;6805.31;-;-1.17%
02062017;6974.87;6816.42;6974.87;6784.36;-;2.03%
05062017;6995.56;6997.20;7066.18;6978.89;-;0.30%
06062017;6873.00;6974.75;7012.42;6873.00;-;-1.75%
07062017;6874.85;6893.78;6955.14;6874.85;-;0.03%
08062017;6871.11;6889.83;6921.72;6781.89;-;-0.05%
09062017;6917.60;6858.15;6919.65;6851.79;-;0.68%
13062017;6848.91;6861.46;6885.05;6817.05;-;-0.99%
14062017;6794.36;6838.89;6845.59;6785.39;-;-0.80%
15062017;6632.08;6761.44;6761.44;6506.09;-;-2.39%
16062017;6683.75;6655.29;6711.93;6631.62;-;0.78%
19062017;6800.54;6705.69;6820.78;6683.17;-;1.75%
20062017;6792.83;6817.50;6929.25;6750.81;-;-0.11%
21062017;6721.87;6780.46;6797.96;6712.90;-;-1.04%
22062017;6828.60;6686.42;6847.45;6679.24;-;1.59%
23062017;6882.15;6823.90;6891.35;6801.14;-;0.78%
26062017;6825.46;6881.68;6911.81;6818.90;-;-0.82%
27062017;6802.75;6727.35;6815.90;6708.09;-;-0.33%
28062017;6830.52;6758.29;6842.87;6749.13;-;0.41%
29062017;6774.44;6844.78;6873.67;6765.11;-;-0.82%
30062017;6773.73;6771.81;6810.14;6761.08;-;-0.01%
03072017;6836.99;6805.72;6850.02;6791.91;-;0.93%
04072017;6883.76;6838.67;6898.45;6826.19;-;0.68%
05072017;6899.75;6882.80;6918.08;6852.86;-;0.23%
06072017;6920.05;6925.23;6940.35;6884.55;-;0.29%
07072017;6924.38;6887.58;6939.13;6880.70;-;0.06%
10072017;7023.82;6932.72;7026.91;6934.76;-;1.44%
11072017;7039.23;7040.21;7055.96;6992.76;-;0.22%
12072017;7122.64;7018.42;7122.64;7018.42;-;1.18%
13072017;7096.40;7138.47;7149.45;7073.97;-;-0.37%
14072017;7060.01;7105.70;7124.10;7046.37;-;-0.51%
17072017;7061.57;7082.11;7109.37;7015.90;-;0.02%
18072017;7017.54;7061.73;7071.06;6983.66;-;-0.62%
19072017;7113.58;6994.80;7113.58;6987.62;-;1.37%
20072017;7086.88;7110.61;7135.62;7073.64;-;-0.38%
21072017;7002.63;7085.67;7088.67;6982.83;-;-1.19%
24072017;6986.71;7003.01;7015.45;6952.12;-;-0.23%
25072017;6957.46;6997.01;7006.32;6948.22;-;-0.42%
26072017;6971.55;6974.29;7005.96;6945.97;-;0.20%
27072017;7022.96;7003.59;7023.99;6984.47;-;0.74%
28072017;6925.93;7004.31;7004.31;6885.74;-;-1.38%
31072017;6896.09;6934.94;6961.20;6833.88;-;-0.43%
01082017;6964.86;6920.46;6992.74;6905.77;-;1.00%
02082017;7087.33;6976.84;7093.96;6976.84;-;1.76%
03082017;7078.26;7091.64;7111.44;7066.51;-;-0.13%
04082017;7024.51;7053.23;7065.31;7018.67;-;-0.76%
07082017;7104.92;7046.18;7108.19;7041.20;-;1.14%
08082017;7190.68;7113.04;7191.54;7095.39;-;1.21%
09082017;7165.14;7158.54;7190.42;7104.03;-;-0.36%
10082017;7075.44;7170.09;7171.71;7069.44;-;-1.25%
11082017;7055.36;7052.97;7072.32;6980.27;-;-0.28%
14082017;7126.04;7076.45;7151.23;7058.59;-;1.00%
15082017;7146.44;7120.93;7155.46;7088.31;-;0.29%
16082017;7113.07;7156.34;7191.84;7106.69;-;-0.47%
17082017;7063.76;7097.27;7122.73;7063.24;-;-0.69%
18082017;6974.13;7040.27;7058.05;6953.40;-;-1.27%
21082017;6969.61;7009.51;7019.21;6963.21;-;-0.06%
22082017;6964.86;6992.68;7014.04;6943.02;-;-0.07%
23082017;7020.08;6973.22;7037.17;6960.77;-;0.79%
24082017;7109.06;7025.13;7114.16;7019.83;-;1.27%
25082017;7083.37;7126.05;7149.25;7069.57;-;-0.36%
28082017;7071.83;7087.67;7092.49;7043.02;-;-0.16%
29082017;7030.49;7042.54;7061.44;6996.61;-;-0.58%
30082017;7179.35;7065.53;7184.42;7057.67;-;2.12%
31082017;7222.91;7183.52;7271.60;7136.96;-;0.61%
01092017;7201.41;7217.71;7298.34;7174.90;-;-0.30%
04092017;7225.00;7192.22;7233.99;7152.00;-;0.33%
05092017;7306.49;7246.59;7329.28;7241.63;-;1.13%
06092017;7340.15;7298.75;7351.49;7256.99;-;0.46%
07092017;7353.01;7364.67;7389.35;7337.69;-;0.18%
08092017;7376.81;7351.84;7406.92;7346.05;-;0.32%
11092017;7432.28;7409.15;7473.36;7390.27;-;0.75%
12092017;7479.15;7438.18;7495.60;7428.88;-;0.63%
13092017;7443.46;7477.89;7522.28;7443.46;-;-0.48%
14092017;7398.22;7452.74;7464.25;7385.09;-;-0.61%
15092017;7425.03;7422.76;7496.43;7405.88;-;0.36%
18092017;7440.48;7457.63;7472.58;7404.48;-;0.21%
19092017;7379.85;7433.23;7455.46;7371.33;-;-0.81%
20092017;7384.77;7374.71;7384.77;7308.68;-;0.07%
21092017;7400.04;7388.06;7455.38;7320.77;-;0.21%
22092017;7406.03;7398.35;7442.78;7379.01;-;0.08%
25092017;7447.17;7401.96;7453.91;7385.75;-;0.56%
26092017;7472.39;7449.71;7522.20;7444.42;-;0.34%
27092017;7453.10;7477.73;7506.49;7441.27;-;-0.26%
28092017;7426.45;7409.98;7482.06;7394.31;-;-0.36%
29092017;7439.23;7425.54;7451.13;7402.63;-;0.17%
02102017;7427.24;7447.58;7464.54;7419.99;-;-0.16%
03102017;7448.81;7447.76;7479.06;7444.71;-;0.29%
04102017;7463.27;7432.86;7475.00;7420.61;-;0.19%
05102017;7484.26;7461.66;7487.36;7422.84;-;0.28%
06102017;7500.04;7503.27;7539.32;7490.30;-;0.21%
09102017;7488.52;7506.22;7517.22;7458.58;-;-0.15%
10102017;7455.83;7485.61;7492.85;7447.54;-;-0.44%
11102017;7472.32;7456.22;7507.55;7454.33;-;0.22%
12102017;7478.78;7478.29;7506.78;7469.51;-;0.09%
13102017;7528.55;7489.60;7547.91;7472.38;-;0.67%
16102017;7587.38;7561.35;7596.12;7551.33;-;0.78%
17102017;7534.47;7580.82;7582.25;7504.64;-;-0.70%
18102017;7518.90;7536.80;7562.17;7492.19;-;-0.21%
19102017;7454.62;7526.76;7542.97;7442.51;-;-0.85%
20102017;7483.26;7475.72;7483.26;7446.05;-;0.38%
23102017;7463.74;7500.61;7513.56;7448.69;-;-0.26%
24102017;7475.76;7460.34;7480.65;7433.19;-;0.16%
25102017;7415.55;7498.02;7523.61;7411.10;-;-0.81%
26102017;7447.38;7425.47;7450.40;7398.00;-;0.43%
27102017;7495.22;7476.19;7505.42;7456.79;-;0.64%
30102017;7462.64;7502.95;7523.37;7462.64;-;-0.43%
31102017;7442.19;7471.71;7490.53;7440.87;-;-0.27%
01112017;7411.04;7453.94;7476.12;7409.87;-;-0.42%
02112017;7420.65;7406.38;7427.95;7380.70;-;0.13%
03112017;7432.05;7423.42;7463.60;7418.59;-;0.15%
07112017;7655.88;7479.18;7655.88;7479.18;-;3.01%
08112017;7713.15;7629.04;7734.66;7620.69;-;0.75%
09112017;7842.46;7719.71;7842.46;7671.87;-;1.68%
10112017;7767.80;7867.77;7894.51;7754.52;-;-0.95%
13112017;7729.44;7754.12;7834.83;7726.18;-;-0.49%
14112017;7698.76;7729.44;7779.86;7698.76;-;-0.40%
15112017;7597.64;7720.85;7728.64;7590.30;-;-1.31%
16112017;7498.70;7609.93;7610.10;7370.47;-;-1.30%
17112017;7440.64;7516.57;7522.17;7432.49;-;-0.77%
20112017;7508.70;7442.00;7519.72;7427.88;-;0.91%
21112017;7612.00;7535.59;7626.37;7505.27;-;1.38%
22112017;7550.78;7632.66;7675.71;7514.71;-;-0.80%
23112017;7436.65;7532.41;7554.73;7423.91;-;-1.51%
24112017;7516.20;7434.93;7516.20;7398.03;-;1.07%
27112017;7446.78;7520.56;7541.10;7406.99;-;-0.92%
28112017;7477.22;7421.17;7477.22;7392.66;-;0.41%
29112017;7429.51;7472.41;7500.49;7400.74;-;-0.64%
30112017;7306.05;7419.19;7422.76;7236.41;-;-1.66%
01122017;7309.81;7316.28;7362.78;7253.34;-;0.05%
04122017;7338.32;7282.22;7367.22;7266.79;-;0.39%
05122017;7312.92;7323.07;7388.95;7294.35;-;-0.35%
06122017;7339.10;7281.19;7363.71;7265.26;-;0.36%
07122017;7163.40;7303.00;7330.73;7124.88;-;-2.39%
08122017;7197.30;7180.38;7251.45;7149.26;-;0.47%
11122017;7380.92;7205.31;7380.92;7205.31;-;2.55%
12122017;7424.62;7408.97;7424.62;7356.54;-;0.59%
13122017;7208.08;7349.06;7385.59;7205.82;-;-2.92%
14122017;7328.62;7208.98;7328.62;7205.35;-;1.67%
15122017;7262.63;7312.23;7319.56;7230.26;-;-0.90%
18122017;7153.89;7276.50;7294.55;7128.28;-;-1.50%
19122017;7032.20;7159.05;7159.40;7032.20;-;-1.70%
20122017;6957.34;7029.54;7036.22;6883.31;-;-1.06%
21122017;6870.29;6968.66;6983.07;6828.74;-;-1.25%
22122017;6925.84;6886.30;6955.77;6859.68;-;0.81%
25122017;6978.44;6954.87;6978.44;6902.03;-;0.76%
26122017;6958.13;6980.12;6985.03;6901.51;-;-0.29%
27122017;6990.37;6973.76;7015.05;6910.18;-;0.46%
28122017;6989.90;6998.69;7015.16;6903.00;-;-0.01%
29122017;6988.90;6990.54;7009.71;6942.74;-;-0.01%
03012018;7173.42;7011.44;7173.42;7003.14;-;2.64%
04012018;7259.00;7173.40;7271.26;7156.97;-;1.19%
05012018;7231.40;7266.60;7266.60;7209.82;-;-0.38%
09012018;7270.71;7249.60;7341.90;7242.13;-;0.54%
10012018;7312.89;7288.61;7333.20;7254.09;-;0.58%
11012018;7344.63;7324.59;7364.84;7283.54;-;0.43%
12012018;7335.36;7331.98;7344.85;7274.55;-;-0.13%
15012018;7350.06;7356.03;7391.02;7346.80;-;0.20%
16012018;7326.45;7349.34;7373.81;7271.16;-;-0.32%
17012018;7335.36;7274.89;7335.36;7196.29;-;0.12%
18012018;7382.07;7349.18;7393.77;7343.08;-;0.64%
19012018;7303.95;7380.48;7399.02;7268.53;-;-1.06%
22012018;7356.17;7317.53;7368.39;7305.93;-;0.71%
23012018;7377.37;7383.12;7400.31;7319.72;-;0.29%
24012018;7362.30;7368.32;7368.32;7307.27;-;-0.20%
25012018;7427.51;7379.04;7459.88;7377.53;-;0.89%
26012018;7345.90;7405.64;7415.92;7318.84;-;-1.10%
29012018;7370.37;7345.23;7420.64;7331.11;-;0.33%
30012018;7431.95;7332.21;7480.52;7327.32;-;0.84%
31012018;7477.55;7421.87;7478.15;7404.36;-;0.61%
01022018;7493.65;7482.44;7555.07;7469.40;-;0.22%
02022018;7416.04;7484.32;7533.87;7370.33;-;-1.04%
05022018;7391.09;7355.27;7414.32;7330.34;-;-0.34%
06022018;7287.16;7282.46;7382.03;7223.19;-;-1.41%
07022018;7318.89;7353.76;7376.78;7290.14;-;0.44%
08022018;7257.30;7289.47;7377.21;7251.73;-;-0.84%
09022018;7156.65;7195.35;7228.30;7116.97;-;-1.39%
12022018;7216.04;7211.12;7236.91;7194.22;-;0.83%
13022018;7283.38;7236.62;7283.38;7225.90;-;0.93%
14022018;7311.54;7299.41;7345.59;7247.80;-;0.39%
15022018;7308.74;7362.81;7369.30;7308.68;-;-0.04%
16022018;7336.28;7326.17;7354.31;7297.99;-;0.38%
19022018;7311.42;7341.76;7369.16;7311.42;-;-0.34%
20022018;7362.90;7312.28;7362.90;7294.26;-;0.70%
21022018;7562.94;7348.50;7562.94;7345.43;-;2.72%
22022018;7644.55;7529.88;7677.96;7525.18;-;1.08%
26022018;7795.37;7724.34;7857.18;7713.85;-;1.97%
27022018;7750.19;7809.31;7809.31;7717.71;-;-0.58%
28022018;7604.34;7707.85;7729.05;7604.34;-;-1.88%
01032018;7654.35;7588.29;7682.80;7586.42;-;0.66%
02032018;7640.87;7658.02;7720.66;7603.97;-;-0.18%
05032018;7700.78;7667.56;7753.19;7667.56;-;0.78%
06032018;7736.74;7738.02;7783.43;7715.83;-;0.47%
07032018;7759.77;7707.55;7766.22;7661.04;-;0.30%
09032018;7890.29;7748.91;7890.29;7745.09;-;1.68%
12032018;7835.51;7950.48;7956.71;7831.15;-;-0.69%
13032018;7869.66;7843.52;7869.66;7777.98;-;0.44%
14032018;7616.91;7840.72;7846.02;7616.91;-;-3.21%
15032018;7609.72;7632.29;7684.41;7600.41;-;-0.09%
16032018;7671.72;7620.27;7671.72;7546.76;-;0.81%
19032018;7629.45;7688.01;7706.26;7618.43;-;-0.55%
20032018;7638.84;7649.22;7649.22;7543.45;-;0.12%
21032018;7758.24;7656.15;7758.24;7646.74;-;1.56%
22032018;7684.32;7785.48;7791.30;7643.10;-;-0.95%
23032018;7653.35;7610.55;7664.43;7535.43;-;-0.40%
26032018;7452.98;7637.59;7647.10;7452.98;-;-2.62%
27032018;7508.75;7488.54;7548.61;7467.56;-;0.75%
28032018;7430.09;7470.69;7487.84;7427.83;-;-1.05%
29032018;7478.77;7457.53;7526.78;7457.53;-;0.66%
30032018;7509.97;7500.97;7509.97;7478.92;-;0.42%
02042018;7422.78;7510.91;7531.61;7422.78;-;-1.16%
03042018;7477.25;7413.22;7488.28;7375.82;-;0.73%
04042018;7473.14;7502.10;7502.10;7427.64;-;-0.05%
05042018;7609.73;7511.94;7609.73;7504.38;-;1.83%
06042018;7625.80;7590.82;7663.30;7586.52;-;0.21%
09042018;6884.29;7586.75;7586.75;6884.29;-;-9.72%
10042018;6971.30;6863.11;7075.45;6784.95;-;1.26%
11042018;6896.69;6934.93;7101.30;6839.06;-;-1.07%
12042018;6991.16;6967.69;7050.71;6939.56;-;1.37%
13042018;6861.34;7017.12;7044.96;6831.54;-;-1.86%
16042018;6798.48;6779.95;6889.43;6758.37;-;-0.92%
17042018;6953.41;6951.22;6971.10;6894.54;-;2.28%
18042018;7071.58;6981.08;7131.40;6969.45;-;1.70%
19042018;7048.49;7093.26;7147.82;7006.67;-;-0.33%
20042018;7086.80;7045.89;7086.80;7021.48;-;0.54%
23042018;7088.91;7095.97;7117.62;7018.12;-;0.03%
24042018;7100.73;7132.86;7173.44;7096.65;-;0.17%
25042018;7068.83;7065.41;7106.24;7032.89;-;-0.45%
26042018;7108.01;7089.03;7129.45;7041.31;-;0.55%
27042018;7225.46;7170.53;7225.46;7097.84;-;1.65%
28042018;7265.61;7226.02;7266.52;7210.14;-;0.56%
30042018;7347.66;7264.85;7347.66;7241.50;-;1.13%
02052018;7347.69;7312.15;7387.88;7296.47;-;0.00%
03052018;7321.30;7333.62;7399.17;7321.30;-;-0.36%
04052018;7345.53;7377.54;7388.56;7300.23;-;0.33%
07052018;7348.15;7389.35;7389.35;7336.66;-;0.04%
08052018;7322.02;7319.36;7330.17;7263.85;-;-0.36%
10052018;7399.54;7385.14;7420.00;7371.48;-;1.06%
11052018;7474.04;7432.44;7485.06;7427.16;-;1.01%
14052018;7448.03;7394.64;7448.03;7379.37;-;-0.35%
15052018;7305.60;7416.66;7428.06;7294.33;-;-1.91%
16052018;7321.24;7279.77;7363.21;7267.55;-;0.21%
17052018;7276.06;7338.53;7347.44;7276.06;-;-0.62%
18052018;7297.40;7277.75;7322.90;7255.89;-;0.29%
21052018;7324.78;7316.92;7355.71;7292.42;-;0.38%
22052018;7280.65;7334.94;7381.60;7276.32;-;-0.60%
23052018;7191.58;7259.55;7267.56;7191.58;-;-1.22%
24052018;7181.24;7218.93;7227.57;7168.05;-;-0.14%
25052018;7161.53;7188.96;7211.71;7152.21;-;-0.27%
28052018;7164.87;7165.82;7199.39;7151.00;-;0.05%
29052018;7112.77;7173.64;7189.59;7088.95;-;-0.73%
30052018;7131.59;7124.35;7152.08;7106.86;-;0.26%
31052018;7097.09;7155.78;7167.41;7051.37;-;-0.48%
01062018;7002.31;6996.68;7048.23;6974.60;-;-1.34%
04062018;6984.74;7030.27;7047.85;6960.45;-;-0.25%
05062018;6944.13;6985.27;7005.23;6914.76;-;-0.58%
06062018;6918.05;6951.00;6951.00;6886.37;-;-0.38%
07062018;6837.76;6938.88;6953.09;6837.76;-;-1.16%
08062018;6712.45;6829.85;6829.85;6712.10;-;-1.83%
09062018;6747.87;6736.21;6756.14;6727.69;-;0.53%
11062018;6691.19;6749.22;6760.63;6635.81;-;-0.84%
13062018;6761.85;6694.35;6780.49;6688.27;-;1.06%
14062018;6816.84;6748.19;6824.89;6743.60;-;0.81%
15062018;6819.17;6822.53;6828.92;6752.69;-;0.03%
18062018;6800.96;6801.07;6859.28;6769.89;-;-0.27%
19062018;6721.14;6776.39;6778.03;6678.43;-;-1.17%
20062018;6867.73;6752.98;6874.78;6757.96;-;2.18%
21062018;6840.08;6864.01;6900.81;6822.37;-;-0.40%
22062018;6899.20;6865.25;6911.16;6821.55;-;0.86%
25062018;6806.57;6832.92;6872.51;6806.57;-;-1.34%
26062018;6772.57;6836.64;6873.39;6767.77;-;-0.50%
27062018;6849.58;6795.06;6872.12;6755.19;-;1.14%
28062018;6853.27;6847.93;6928.99;6846.17;-;0.05%
29062018;6904.75;6895.34;6980.93;6894.13;-;0.75%
02072018;6917.60;6898.48;6962.81;6873.34;-;0.19%
03072018;6888.60;6935.12;6951.62;6872.58;-;-0.42%
04072018;6861.18;6896.62;6910.28;6850.16;-;-0.40%
05072018;6922.87;6861.07;6923.37;6844.83;-;0.90%
06072018;6954.46;6919.89;6974.54;6896.29;-;0.46%
09072018;7032.42;6992.92;7039.55;6976.19;-;1.12%
10072018;7043.65;7044.15;7055.16;7002.27;-;0.16%
11072018;6978.30;7009.84;7009.84;6944.98;-;-0.93%
12072018;6927.20;6968.38;6979.14;6910.68;-;-0.73%
13072018;6992.82;6951.63;6997.87;6940.10;-;0.95%
16072018;6960.28;6991.98;7017.56;6928.78;-;-0.47%
17072018;6886.17;6942.87;6942.87;6856.79;-;-1.06%
18072018;6826.62;6891.85;6906.81;6813.89;-;-0.86%
19072018;6710.13;6835.43;6835.43;6697.82;-;-1.71%
20072018;6680.28;6714.17;6771.43;6631.62;-;-0.44%
23072018;6702.73;6703.19;6762.06;6696.07;-;0.34%
24072018;6755.52;6725.99;6760.92;6714.22;-;0.79%
25072018;6682.99;6694.17;6707.64;6625.00;-;-1.07%
26072018;6674.56;6713.20;6718.30;6638.01;-;-0.13%
27072018;6711.11;6679.64;6732.14;6642.00;-;0.55%
30072018;6796.07;6691.66;6808.57;6680.34;-;1.27%
31072018;6813.50;6782.28;6818.92;6769.47;-;0.26%
01082018;6750.78;6792.51;6859.31;6745.22;-;-0.92%
02082018;6597.76;6736.74;6743.40;6574.89;-;-2.27%
03082018;6633.88;6592.81;6633.88;6555.03;-;0.55%
06082018;6662.66;6641.43;6684.44;6587.46;-;0.43%
07082018;6633.85;6684.96;6735.19;6633.85;-;-0.43%
08082018;6503.60;6619.99;6633.10;6487.35;-;-1.96%
09082018;6539.27;6450.89;6539.27;6283.25;-;0.55%
10082018;6334.32;6473.63;6554.09;6318.67;-;-3.13%
13082018;6311.78;6267.38;6444.49;6262.05;-;-0.36%
14082018;6375.10;6362.52;6392.70;6299.26;-;1.00%
15082018;6281.57;6372.87;6385.47;6263.24;-;-1.47%
16082018;6291.22;6304.45;6328.45;6272.26;-;0.15%
17082018;6304.25;6301.01;6305.30;6253.38;-;0.21%
20082018;6323.52;6340.45;6359.84;6300.41;-;0.31%
21082018;6321.48;6331.84;6345.32;6292.07;-;-0.03%
22082018;6252.78;6333.22;6344.07;6247.98;-;-1.09%
23082018;6112.44;6261.34;6271.28;6103.00;-;-2.24%
24082018;6109.13;6099.35;6146.08;6012.37;-;-0.05%
27082018;6256.94;6143.09;6258.40;6112.31;-;2.42%
28082018;6222.94;6266.32;6288.15;6216.21;-;-0.54%
29082018;6271.32;6223.55;6271.32;6200.19;-;0.78%
30082018;6172.54;6296.36;6299.68;6158.46;-;-1.58%
31082018;6285.21;6160.26;6285.21;6134.56;-;1.83%
03092018;6267.62;6270.82;6294.58;6232.66;-;-0.28%
04092018;6234.95;6272.50;6314.33;6203.76;-;-0.52%
05092018;6171.50;6213.16;6261.99;6171.50;-;-1.02%
06092018;6069.94;6176.92;6206.33;6069.94;-;-1.65%
07092018;6090.37;6079.68;6131.45;6058.53;-;0.34%
10092018;6036.31;6099.12;6122.62;5998.58;-;-0.89%
11092018;6019.23;6036.27;6054.12;5981.89;-;-0.28%
12092018;6119.39;6037.78;6119.78;6031.62;-;1.66%
13092018;6231.18;6122.27;6319.39;6118.10;-;1.83%
14092018;6246.12;6246.63;6317.54;6184.63;-;0.24%
17092018;6244.29;6265.88;6300.14;6236.77;-;-0.03%
18092018;6331.42;6253.01;6333.02;6238.65;-;1.40%
19092018;6361.00;6345.24;6382.07;6334.00;-;0.47%
20092018;6347.45;6370.35;6421.05;6347.45;-;-0.21%
21092018;6405.86;6355.88;6405.86;6314.59;-;0.92%
24092018;6430.78;6399.47;6464.06;6397.82;-;0.39%
25092018;6359.47;6460.61;6471.22;6351.49;-;-1.11%
26092018;6346.73;6363.99;6378.02;6328.84;-;-0.20%
27092018;6422.09;6345.85;6428.92;6316.92;-;1.19%
28092018;6351.18;6377.10;6377.10;6281.12;-;-1.10%
01102018;6342.56;6374.09;6376.20;6286.86;-;-0.14%
02102018;6284.15;6369.02;6369.02;6271.17;-;-0.92%
03102018;6299.68;6289.84;6325.83;6268.25;-;0.25%
04102018;6220.15;6293.90;6294.27;6185.40;-;-1.26%
05102018;6149.58;6211.19;6230.88;6127.63;-;-1.13%
08102018;6150.12;6165.54;6183.19;6075.45;-;0.01%
09102018;6081.21;6183.22;6206.38;6073.42;-;-1.12%
10102018;6080.66;6097.75;6129.10;6030.26;-;-0.01%
11102018;6008.89;5983.55;6023.12;5921.59;-;-1.18%
12102018;6100.56;6056.24;6100.56;6043.52;-;1.53%
15102018;6090.19;6121.18;6129.44;6048.23;-;-0.17%
16102018;6108.40;6091.60;6109.44;6020.33;-;0.30%
17102018;6096.57;6142.45;6149.97;6068.14;-;-0.19%
18102018;6055.45;6082.74;6083.55;6016.82;-;-0.67%
19102018;5906.26;6044.88;6051.06;5906.26;-;-2.46%
22102018;5834.04;5924.62;5931.53;5823.91;-;-1.22%
23102018;5824.57;5798.59;5824.57;5753.27;-;-0.16%
24102018;5882.69;5861.19;5906.19;5782.85;-;1.00%
25102018;5820.22;5831.25;5855.43;5789.22;-;-1.06%
26102018;5677.59;5798.36;5800.98;5671.21;-;-2.45%
29102018;5745.63;5680.79;5775.13;5671.96;-;1.20%
30102018;5781.24;5724.05;5781.24;5699.74;-;0.62%
31102018;5838.06;5807.27;5847.00;5791.75;-;0.98%
01112018;5828.84;5835.97;5858.59;5779.32;-;-0.16%
02112018;5867.15;5851.94;5886.29;5838.39;-;0.66%
06112018;5959.03;5910.75;5964.76;5893.00;-;1.57%
07112018;6098.48;5943.88;6098.48;5898.21;-;2.34%
08112018;6081.56;6113.67;6147.34;6066.69;-;-0.28%
09112018;5950.84;6034.30;6064.19;5923.86;-;-2.15%
12112018;5970.71;5985.96;6030.64;5959.60;-;0.33%
13112018;5989.87;5942.03;6044.57;5935.22;-;0.32%
14112018;6096.43;5975.90;6096.91;5939.15;-;1.78%
15112018;6139.96;6113.34;6155.45;6087.67;-;0.71%
16112018;6119.43;6159.27;6181.06;6100.53;-;-0.33%
19112018;6056.08;6121.90;6142.98;6044.84;-;-1.04%
20112018;5953.74;6042.90;6045.60;5922.51;-;-1.69%
21112018;6006.91;5939.89;6020.47;5935.31;-;0.89%
22112018;6055.14;6016.06;6078.19;6014.10;-;0.80%
23112018;5973.57;6048.77;6048.77;5945.08;-;-1.35%
26112018;5857.02;5973.32;5973.32;5814.90;-;-1.95%
27112018;5877.41;5879.72;5938.37;5856.58;-;0.35%
28112018;5910.45;5891.29;5926.48;5874.57;-;0.56%
29112018;5979.99;5946.02;6005.97;5941.27;-;1.18%
30112018;5955.21;5946.31;5968.54;5908.60;-;-0.41%
03122018;6015.13;6036.33;6066.94;6008.26;-;1.01%
04122018;5972.08;6017.43;6047.25;5956.86;-;-0.72%
05122018;5923.53;5915.39;5941.14;5897.67;-;-0.81%
06122018;5848.85;5889.63;5907.07;5835.65;-;-1.26%
07122018;5864.08;5867.71;5894.96;5840.01;-;0.26%
10122018;5811.38;5834.94;5858.45;5799.85;-;-0.90%
11122018;5813.51;5819.21;5856.30;5802.75;-;0.04%
12122018;5795.09;5832.29;5839.05;5782.20;-;-0.32%
13122018;5781.75;5793.68;5806.88;5764.45;-;-0.23%
14122018;5723.27;5773.12;5779.43;5682.93;-;-1.01%
17122018;5694.27;5713.57;5773.70;5680.67;-;-0.51%
18122018;5712.54;5665.55;5712.54;5639.29;-;0.32%
19122018;5748.83;5687.87;5770.43;5676.02;-;0.64%
20122018;5728.23;5702.67;5745.25;5691.46;-;-0.36%
21122018;5675.96;5697.28;5739.06;5672.31;-;-0.91%
24122018;5598.66;5660.66;5686.54;5589.26;-;-1.36%
25122018;5508.06;5560.54;5560.54;5435.38;-;-1.62%
26122018;5523.15;5513.88;5546.00;5497.50;-;0.27%
27122018;5533.18;5591.60;5595.90;5520.14;-;0.18%
28122018;5551.96;5556.76;5600.88;5536.90;-;0.34%
29122018;5586.70;5589.87;5610.58;5578.00;-;0.63%
03012019;5677.79;5585.32;5685.46;5579.03;-;1.63%
04012019;5707.30;5692.35;5707.80;5672.70;-;0.52%
08012019;5691.57;5731.40;5742.33;5675.48;-;-0.28%
09012019;5747.52;5717.33;5753.60;5706.57;-;0.98%
10012019;5765.48;5737.89;5765.48;5723.71;-;0.31%
11012019;5830.17;5775.77;5833.73;5772.89;-;1.12%
14012019;5835.96;5801.33;5845.09;5764.32;-;0.10%
15012019;5866.07;5850.80;5907.65;5833.00;-;0.52%
16012019;5913.31;5873.81;5925.66;5860.75;-;0.81%
17012019;5925.64;5922.10;5936.73;5907.16;-;0.21%
18012019;6076.25;5945.48;6076.25;5941.35;-;2.54%
21012019;6081.31;6087.26;6124.39;6056.97;-;0.08%
22012019;6081.71;6055.38;6098.26;6041.19;-;0.01%
23012019;6127.03;6067.52;6148.18;6067.09;-;0.75%
24012019;6078.13;6115.15;6151.51;6057.52;-;-0.80%
25012019;6072.21;6096.38;6115.15;6064.54;-;-0.10%
28012019;6046.72;6075.87;6119.42;6014.47;-;-0.42%
29012019;6122.91;6037.60;6123.91;6003.41;-;1.26%
30012019;6131.74;6118.33;6155.39;6105.11;-;0.14%
31012019;6204.74;6167.30;6204.76;6166.94;-;1.19%
01022019;6215.58;6205.65;6232.41;6180.43;-;0.17%
04022019;6223.06;6228.51;6249.97;6208.53;-;0.12%
05022019;6224.42;6230.69;6253.57;6206.29;-;0.02%
06022019;6189.91;6219.88;6222.27;6181.32;-;-0.55%
07022019;6091.27;6169.56;6179.17;6090.14;-;-1.59%
08022019;6104.59;6069.56;6115.81;6061.92;-;0.22%
11022019;6145.06;6113.00;6159.80;6111.18;-;0.66%
12022019;6199.67;6167.15;6206.00;6161.54;-;0.89%
13022019;6086.73;6209.59;6217.82;6076.88;-;-1.82%
14022019;5964.45;5996.18;6009.08;5929.38;-;-2.01%
15022019;6037.70;5991.53;6037.70;5991.53;-;1.23%
18022019;5988.01;6058.95;6065.24;5972.54;-;-0.82%
19022019;5955.82;5973.31;6011.92;5937.14;-;-0.54%
20022019;6009.70;5984.38;6020.37;5971.23;-;0.90%
21022019;5953.69;6019.82;6024.99;5950.61;-;-0.93%
22022019;5977.65;5956.33;5996.30;5949.63;-;0.40%
25022019;5991.24;5992.42;6024.60;5967.52;-;0.23%
26022019;5975.64;5973.13;5985.81;5942.95;-;-0.26%
27022019;5982.38;5993.19;5996.11;5957.43;-;0.11%
28022019;5990.60;5973.02;5992.26;5939.97;-;0.14%
01032019;6006.15;6000.44;6015.41;5989.48;-;0.26%
04032019;6017.20;6015.66;6051.04;6005.44;-;0.18%
05032019;5967.49;5999.73;5999.73;5961.43;-;-0.83%
06032019;6022.20;5979.96;6031.41;5972.79;-;0.92%
07032019;6053.39;6025.00;6138.69;5999.31;-;0.52%
11032019;6066.66;6048.06;6092.14;6040.57;-;0.22%
12032019;6073.90;6101.71;6111.70;6058.23;-;0.12%
13032019;6098.97;6068.30;6110.44;6056.41;-;0.41%
14032019;6061.92;6098.33;6113.53;6043.06;-;-0.61%
15032019;6162.86;6072.05;6162.86;6041.97;-;1.67%
18032019;6122.30;6165.26;6165.26;6101.63;-;-0.66%
19032019;6106.71;6133.60;6140.95;6102.49;-;-0.25%
20032019;6102.89;6105.65;6117.66;6088.61;-;-0.06%
21032019;6100.34;6119.27;6138.26;6090.71;-;-0.04%
22032019;6032.58;6105.18;6107.32;6019.18;-;-1.11%
25032019;6112.80;6009.31;6114.11;5993.72;-;1.33%
26032019;6145.11;6121.94;6163.57;6106.60;-;0.53%
27032019;6080.13;6157.09;6159.81;6074.50;-;-1.06%
28032019;6088.29;6077.72;6100.32;6074.02;-;0.13%
29032019;6083.38;6104.09;6135.34;6071.55;-;-0.08%
01042019;6133.79;6101.81;6135.87;6099.83;-;0.83%
02042019;6152.33;6142.05;6155.86;6118.50;-;0.30%
03042019;6150.49;6178.07;6200.37;6148.44;-;-0.03%
04042019;6164.82;6151.43;6169.39;6138.23;-;0.23%
05042019;6194.24;6172.42;6205.92;6163.52;-;0.48%
08042019;6213.65;6204.79;6227.95;6202.51;-;0.31%
09042019;6243.83;6221.42;6270.93;6220.77;-;0.49%
10042019;6341.07;6253.02;6388.08;6249.05;-;1.56%
11042019;6264.75;6352.15;6365.07;6264.75;-;-1.20%
12042019;6234.42;6278.05;6293.60;6211.83;-;-0.48%
15042019;6218.70;6252.68;6273.80;6204.68;-;-0.25%
16042019;6239.62;6235.07;6248.76;6203.32;-;0.34%
17042019;6232.06;6234.98;6256.26;6216.04;-;-0.12%
18042019;6217.78;6222.85;6223.89;6189.86;-;-0.23%
19042019;6226.54;6221.59;6240.96;6206.10;-;0.14%
22042019;6246.40;6252.49;6263.86;6236.66;-;0.32%
23042019;6226.01;6253.06;6275.65;6218.27;-;-0.33%
24042019;6235.77;6211.03;6235.77;6199.97;-;0.16%
25042019;6144.83;6237.27;6237.27;6141.76;-;-1.46%
26042019;6118.35;6135.36;6138.70;6093.05;-;-0.43%
29042019;6177.00;6127.54;6188.81;6127.54;-;0.96%
30042019;6134.35;6160.77;6160.77;6121.57;-;-0.69%
02052019;6179.56;6135.96;6190.33;6130.86;-;0.74%
03052019;6220.13;6194.85;6246.06;6190.82;-;0.66%
06052019;6243.20;6174.19;6243.20;6162.77;-;0.37%
07052019;6234.78;6239.45;6265.31;6221.55;-;-0.13%
08052019;6194.59;6223.33;6247.98;6193.69;-;-0.64%
10052019;6138.75;6182.28;6187.62;6138.02;-;-0.90%
13052019;6018.94;6027.49;6085.49;6012.09;-;-1.95%
14052019;6051.04;6042.37;6100.82;6037.90;-;0.53%
15052019;6071.40;6074.48;6086.59;6021.49;-;0.34%
16052019;6067.29;6079.15;6110.82;6061.17;-;-0.07%
17052019;6065.54;6062.10;6094.00;6061.57;-;-0.03%
20052019;6073.98;6077.12;6098.84;6057.80;-;0.14%
21052019;6113.80;6087.84;6116.34;6074.22;-;0.66%
22052019;6155.81;6125.17;6180.28;6110.06;-;0.69%
23052019;6213.85;6143.49;6235.01;6094.68;-;0.94%
24052019;6201.44;6255.09;6288.52;6200.57;-;-0.20%
27052019;6243.65;6213.50;6254.71;6213.50;-;0.68%
28052019;6173.57;6252.84;6266.93;6155.74;-;-1.12%
29052019;6188.62;6171.00;6196.44;6132.49;-;0.24%
30052019;6192.57;6200.25;6219.30;6167.25;-;0.06%
31052019;6181.58;6150.89;6182.55;6125.08;-;-0.18%
03062019;6243.77;6147.96;6265.52;6139.85;-;1.01%
04062019;6252.05;6232.87;6268.10;6218.93;-;0.13%
05062019;6335.97;6255.52;6351.78;6236.39;-;1.34%
06062019;6396.30;6317.11;6410.46;6315.68;-;0.95%
07062019;6416.46;6412.22;6437.95;6384.62;-;0.32%
10062019;6479.02;6433.94;6481.60;6407.93;-;0.97%
11062019;6404.90;6379.87;6485.18;6376.57;-;-1.14%
13062019;6465.46;6423.91;6465.46;6373.27;-;0.95%
14062019;6428.80;6462.23;6496.04;6419.36;-;-0.57%
17062019;6411.79;6429.10;6456.08;6407.32;-;-0.26%
18062019;6451.79;6398.93;6451.79;6382.94;-;0.62%
19062019;6448.67;6460.52;6474.64;6422.85;-;-0.05%
20062019;6492.79;6468.25;6530.21;6468.25;-;0.68%
21062019;6444.70;6445.49;6457.20;6382.67;-;-0.74%
24062019;6464.86;6442.18;6506.60;6431.66;-;0.31%
25062019;6443.94;6460.81;6476.03;6416.68;-;-0.32%
26062019;6472.81;6447.93;6478.45;6437.75;-;0.45%
27062019;6459.19;6479.97;6494.24;6442.10;-;-0.21%
28062019;6444.26;6461.60;6470.01;6430.12;-;-0.23%
01072019;6514.44;6471.95;6514.44;6446.98;-;1.09%
02072019;6521.67;6506.91;6521.67;6480.79;-;0.11%
03072019;6542.04;6516.90;6549.00;6498.85;-;0.31%
04072019;6604.27;6547.73;6607.56;6539.10;-;0.95%
05072019;6626.04;6608.32;6632.24;6598.89;-;0.33%
08072019;6707.27;6607.90;6712.35;6587.05;-;1.23%
09072019;6698.80;6704.43;6721.34;6676.25;-;-0.13%
10072019;6732.15;6697.65;6757.55;6690.89;-;0.50%
11072019;6710.16;6737.72;6783.30;6675.25;-;-0.33%
12072019;6666.40;6700.24;6706.18;6607.33;-;-0.65%
15072019;6679.47;6683.27;6712.89;6654.33;-;0.20%
16072019;6600.30;6675.85;6675.85;6599.16;-;-1.19%
17072019;6561.54;6584.92;6641.37;6551.41;-;-0.59%
18072019;6545.13;6545.64;6562.80;6509.87;-;-0.25%
19072019;6540.27;6582.53;6599.77;6539.62;-;-0.07%
22072019;6551.18;6549.42;6597.64;6494.19;-;0.17%
23072019;6545.02;6565.06;6573.55;6522.92;-;-0.09%
24072019;6497.03;6566.77;6569.42;6483.42;-;-0.73%
25072019;6566.39;6485.68;6590.61;6481.33;-;1.07%
26072019;6524.75;6565.15;6575.15;6524.75;-;-0.63%
29072019;6550.92;6533.46;6572.84;6515.50;-;0.40%
30072019;6600.14;6564.43;6602.44;6540.41;-;0.75%
31072019;6568.60;6604.22;6610.97;6568.60;-;-0.48%
01082019;6540.89;6545.92;6569.79;6524.30;-;-0.42%
02082019;6445.23;6440.31;6492.76;6436.86;-;-1.46%
05082019;6450.19;6424.69;6480.06;6412.75;-;0.08%
06082019;6504.49;6459.60;6534.14;6457.54;-;0.84%
07082019;6457.06;6512.25;6535.35;6440.77;-;-0.73%
08082019;6482.62;6490.79;6520.60;6456.66;-;0.40%
09082019;6421.88;6474.42;6477.90;6421.29;-;-0.94%
12082019;6436.23;6438.14;6473.86;6417.71;-;0.22%
13082019;6404.72;6428.22;6434.25;6354.00;-;-0.49%
14082019;6299.07;6421.93;6424.24;6282.95;-;-1.65%
15082019;6242.46;6307.78;6314.46;6231.81;-;-0.90%
16082019;6190.72;6265.00;6292.83;6190.72;-;-0.83%
19082019;6289.46;6221.86;6291.94;6182.75;-;1.59%
20082019;6285.36;6300.70;6348.97;6268.68;-;-0.07%
21082019;6312.28;6296.66;6331.07;6283.78;-;0.43%
22082019;6287.88;6307.33;6314.08;6272.48;-;-0.39%
23082019;6311.06;6318.53;6365.01;6277.55;-;0.37%
26082019;6303.61;6274.10;6323.69;6273.11;-;-0.12%
27082019;6356.67;6314.62;6356.67;6296.39;-;0.84%
28082019;6368.79;6360.94;6368.79;6326.51;-;0.19%
29082019;6411.16;6366.09;6412.20;6350.60;-;0.67%
30082019;6420.91;6410.51;6435.48;6393.68;-;0.15%
02092019;6481.95;6429.17;6496.53;6420.42;-;0.95%
03092019;6453.41;6475.99;6481.13;6405.62;-;-0.44%
04092019;6646.08;6479.90;6648.42;6470.34;-;2.99%
05092019;6624.50;6688.83;6713.64;6605.18;-;-0.32%
06092019;6618.32;6640.04;6650.51;6597.62;-;-0.09%
09092019;6587.31;6624.99;6648.63;6566.95;-;-0.47%
10092019;6649.90;6582.94;6649.90;6550.73;-;0.95%
11092019;6690.45;6640.82;6711.22;6636.35;-;0.61%
12092019;6682.68;6688.17;6725.15;6660.67;-;-0.12%
13092019;6663.76;6680.67;6712.11;6645.39;-;-0.28%
16092019;6689.18;6690.11;6690.11;6655.17;-;0.38%
17092019;6673.48;6690.23;6712.99;6657.39;-;-0.23%
18092019;6662.67;6663.00;6693.64;6648.90;-;-0.16%
19092019;6658.49;6659.41;6680.28;6635.78;-;-0.06%
20092019;6621.76;6666.92;6671.07;6584.70;-;-0.55%
23092019;6594.22;6602.36;6619.02;6555.34;-;-0.42%
24092019;6553.89;6599.06;6657.92;6546.91;-;-0.61%
25092019;6538.62;6522.24;6549.85;6501.94;-;-0.23%
26092019;6576.25;6535.55;6607.20;6535.55;-;0.58%
27092019;6549.66;6576.64;6582.10;6549.66;-;-0.40%
30092019;6529.59;6543.47;6553.29;6506.14;-;-0.31%
01102019;6511.51;6531.26;6558.19;6511.51;-;-0.28%
02102019;6376.00;6507.10;6533.14;6372.38;-;-2.08%
03102019;6361.69;6384.40;6402.12;6326.54;-;-0.22%
04102019;6344.58;6387.52;6416.46;6335.40;-;-0.27%
07102019;6424.37;6357.68;6435.15;6334.01;-;1.26%
08102019;6352.55;6431.80;6434.12;6352.55;-;-1.12%
09102019;6370.20;6354.70;6400.49;6352.54;-;0.28%
10102019;6407.67;6366.82;6409.98;6345.06;-;0.59%
11102019;6421.37;6425.30;6457.14;6410.94;-;0.21%
14102019;6386.77;6423.39;6438.04;6377.26;-;-0.54%
15102019;6425.42;6409.69;6429.68;6372.71;-;0.61%
16102019;6481.06;6432.82;6485.00;6427.30;-;0.87%
17102019;6479.09;6478.03;6504.34;6454.25;-;-0.03%
18102019;6528.57;6477.75;6549.56;6467.55;-;0.76%
21102019;6566.66;6540.97;6580.27;6523.92;-;0.58%
22102019;6603.21;6581.59;6604.53;6568.59;-;0.56%
23102019;6579.51;6582.76;6601.75;6521.11;-;-0.36%
24102019;6567.48;6579.65;6579.65;6541.90;-;-0.18%
25102019;6579.95;6561.60;6581.28;6512.56;-;0.19%
28102019;6552.37;6587.62;6619.47;6538.67;-;-0.42%
29102019;6591.62;6550.93;6591.62;6521.75;-;0.60%
30102019;6655.06;6581.26;6655.26;6581.19;-;0.96%
31102019;6594.36;6656.47;6683.51;6580.97;-;-0.91%
01112019;6645.64;6588.12;6647.83;6567.23;-;0.78%
05112019;6728.99;6693.47;6728.99;6644.18;-;1.25%
06112019;6715.73;6738.20;6750.74;6697.47;-;-0.20%
07112019;6755.08;6690.21;6771.45;6690.21;-;0.59%
08112019;6798.34;6732.10;6801.90;6698.38;-;0.64%
11112019;6863.74;6786.10;6864.05;6772.28;-;0.96%
12112019;6852.54;6865.84;6910.28;6831.07;-;-0.16%
13112019;6849.39;6827.14;6867.76;6779.45;-;-0.05%
14112019;6835.54;6866.66;6878.57;6799.37;-;-0.20%
15112019;6863.49;6834.49;6866.81;6813.15;-;0.41%
18112019;6813.88;6866.71;6886.79;6805.49;-;-0.72%
19112019;6859.51;6823.00;6867.04;6818.09;-;0.67%
20112019;6860.75;6845.50;6913.28;6836.40;-;0.02%
21112019;6842.12;6841.57;6858.77;6823.78;-;-0.27%
22112019;6898.11;6840.14;6938.06;6836.11;-;0.82%
25112019;6898.24;6904.06;6942.09;6887.41;-;0.00%
26112019;6909.04;6893.91;6909.04;6856.27;-;0.16%
27112019;6945.51;6902.20;6969.33;6894.51;-;0.53%
28112019;6925.09;6941.01;6963.31;6881.37;-;-0.29%
29112019;6916.41;6925.19;6929.40;6884.78;-;-0.13%
02122019;6899.13;6925.87;6954.78;6876.62;-;-0.25%
03122019;6808.58;6889.70;6898.74;6795.88;-;-1.31%
04122019;6861.48;6813.59;6861.48;6792.24;-;0.78%
05122019;6831.41;6867.60;6871.89;6803.02;-;-0.44%
06122019;6907.87;6834.99;6907.87;6830.62;-;1.12%
09122019;6933.70;6911.39;6934.03;6883.31;-;0.37%
10122019;6904.16;6922.69;6940.74;6883.11;-;-0.43%
11122019;6951.48;6909.59;6952.71;6906.39;-;0.69%
12122019;7002.09;6966.25;7015.58;6964.60;-;0.73%
13122019;7060.96;7020.67;7070.42;7020.20;-;0.84%
16122019;7069.33;7081.92;7104.40;7068.50;-;0.12%
17122019;7098.48;7080.40;7107.69;7063.35;-;0.41%
18122019;7117.22;7093.84;7144.02;7072.40;-;0.26%
19122019;7072.32;7116.04;7151.88;7058.76;-;-0.63%
20122019;6994.69;7065.31;7072.69;6994.69;-;-1.10%
23122019;7061.79;7001.90;7061.79;7001.90;-;0.96%
24122019;7049.78;7066.99;7066.99;7033.62;-;-0.17%
25122019;7030.17;7074.19;7074.19;7015.16;-;-0.28%
26122019;7024.31;7019.34;7033.18;6996.46;-;-0.08%
27122019;7061.91;7050.03;7066.29;7025.82;-;0.54%
30122019;7096.03;7104.55;7112.52;7056.09;-;0.48%
03012020;7134.61;7113.69;7202.97;7111.36;-;0.54%
06012020;7117.30;7147.62;7147.62;7069.36;-;-0.24%
08012020;7236.79;7120.95;7248.99;7109.66;-;1.68%
09012020;7266.75;7235.11;7280.33;7226.56;-;0.41%
10012020;7342.65;7263.19;7345.91;7256.28;-;1.04%
13012020;7437.77;7348.66;7437.82;7337.73;-;1.30%
14012020;7384.16;7435.54;7470.41;7374.00;-;-0.72%
15012020;7389.53;7364.90;7434.69;7348.36;-;0.07%
16012020;7421.63;7407.09;7459.98;7400.61;-;0.43%
17012020;7487.49;7428.48;7489.45;7426.01;-;0.89%
20012020;7547.33;7523.27;7570.76;7498.53;-;0.80%
21012020;7574.31;7530.29;7584.88;7478.98;-;0.36%
22012020;7522.70;7592.21;7612.61;7515.53;-;-0.68%
23012020;7468.99;7461.14;7535.13;7444.91;-;-0.71%
24012020;7450.28;7501.97;7526.96;7450.23;-;-0.25%
27012020;7251.69;7363.94;7389.37;7251.69;-;-2.67%
28012020;7346.26;7281.05;7360.26;7249.35;-;1.30%
29012020;7409.52;7380.43;7441.12;7340.43;-;0.86%
30012020;7387.86;7389.56;7413.51;7353.03;-;-0.29%
31012020;7321.36;7397.40;7454.27;7321.36;-;-0.90%
03022020;7367.52;7267.90;7415.72;7267.90;-;0.63%
04022020;7505.94;7394.66;7516.81;7394.66;-;1.88%
05022020;7577.67;7531.02;7614.21;7514.54;-;0.96%
06022020;7569.09;7640.42;7664.44;7526.41;-;-0.11%
07022020;7606.84;7588.42;7606.84;7502.32;-;0.50%
10022020;7582.52;7616.07;7679.28;7569.76;-;-0.32%
11022020;7632.08;7604.40;7656.60;7586.67;-;0.65%
12022020;7619.83;7644.38;7650.16;7571.33;-;-0.16%
13022020;7599.65;7598.25;7630.12;7572.10;-;-0.26%
14022020;7579.27;7629.77;7629.77;7541.03;-;-0.27%
17022020;7545.31;7569.80;7575.22;7514.49;-;-0.45%
18022020;7478.16;7506.43;7532.04;7464.63;-;-0.89%
19022020;7518.88;7508.75;7519.61;7476.79;-;0.54%
20022020;7555.65;7542.03;7596.56;7527.33;-;0.49%
21022020;7546.27;7519.11;7581.77;7491.90;-;-0.12%
25022020;7366.96;7436.49;7469.93;7366.96;-;-2.38%
26022020;7408.55;7313.47;7424.90;7246.09;-;0.56%
27022020;7191.69;7317.06;7372.30;7175.63;-;-2.93%
28022020;6888.18;7030.10;7030.10;6754.40;-;-4.22%
02032020;6813.72;6941.99;7072.83;6661.94;-;-1.08%
03032020;6847.63;6891.86;6905.60;6782.06;-;0.50%
04032020;6858.10;6772.74;6890.70;6732.08;-;0.15%
05032020;6836.25;6919.22;6951.46;6806.66;-;-0.32%
06032020;6234.12;6679.37;6699.47;6182.46;-;-8.81%
10032020;5932.70;5656.92;6155.13;5517.18;-;-4.84%
11032020;5915.13;6019.45;6099.16;5898.65;-;-0.30%
12032020;5322.03;5625.89;5705.71;5322.03;-;-10.03%
13032020;5569.21;5390.21;5685.83;5362.75;-;4.64%
16032020;5394.75;5389.83;5505.32;5208.93;-;-3.13%
17032020;5185.95;5374.94;5524.35;5134.03;-;-3.87%
18032020;4928.32;5115.57;5119.18;4878.25;-;-4.97%
19032020;5296.46;4992.00;5311.83;4848.23;-;7.47%
20032020;5481.53;5464.24;5582.47;5432.43;-;3.49%
23032020;5316.38;5286.61;5409.17;5205.02;-;-3.01%
24032020;5513.34;5515.79;5582.05;5459.31;-;3.70%
25032020;5467.79;5627.74;5776.47;5336.18;-;-0.83%
26032020;5431.37;5419.60;5503.84;5350.63;-;-0.67%
27032020;5245.64;5453.62;5458.39;5245.64;-;-3.42%
30032020;5279.37;5166.50;5279.37;5086.47;-;0.64%
31032020;5473.19;5362.49;5484.43;5342.41;-;3.67%
01042020;5368.93;5336.05;5417.95;5334.34;-;-1.90%
02042020;5370.54;5464.95;5468.88;5280.35;-;0.03%
03042020;5406.23;5369.28;5449.97;5340.69;-;0.66%
06042020;5622.05;5463.75;5650.23;5461.08;-;3.99%
07042020;5725.13;5688.45;5868.14;5688.45;-;1.83%
08042020;5807.32;5674.09;5807.32;5658.85;-;1.44%
09042020;5886.29;5856.79;5932.81;5802.41;-;1.36%
10042020;5869.63;5828.63;5880.80;5820.67;-;-0.28%
13042020;5751.43;5874.92;5878.34;5744.20;-;-2.01%
14042020;5806.52;5815.34;5873.10;5788.30;-;0.96%
15042020;5554.77;5781.55;5793.51;5554.77;-;-4.34%
16042020;5655.99;5581.81;5695.78;5513.08;-;1.82%
17042020;5759.80;5751.79;5765.14;5713.04;-;1.84%
20042020;5677.69;5748.91;5756.45;5652.65;-;-1.43%
21042020;5569.66;5587.38;5613.78;5500.69;-;-1.90%
22042020;5725.09;5557.65;5775.86;5540.37;-;2.79%
23042020;5781.78;5786.36;5817.75;5716.32;-;0.99%
24042020;5759.95;5741.04;5826.20;5713.99;-;-0.38%
27042020;5849.17;5760.61;5862.99;5760.61;-;1.55%
28042020;6030.08;5860.63;6055.55;5831.07;-;3.09%
29042020;6056.16;6048.04;6121.90;6015.88;-;0.43%
30042020;6044.02;6095.61;6117.97;5978.08;-;-0.20%
04052020;6001.22;5986.25;6042.02;5953.15;-;-0.71%
05052020;6057.72;6067.00;6082.05;6023.75;-;0.94%
06052020;6069.22;6067.85;6133.70;6049.59;-;0.19%
07052020;6136.77;6088.24;6174.87;6085.78;-;1.11%
08052020;6170.92;6153.94;6185.55;6108.88;-;0.56%
12052020;6161.00;6154.70;6194.57;6132.67;-;-0.16%
13052020;6067.85;6135.79;6135.79;6043.16;-;-1.51%
14052020;5887.43;5946.25;5991.81;5869.39;-;-2.97%
15052020;5866.83;5968.97;5979.10;5866.83;-;-0.35%
18052020;5986.75;5919.08;5990.72;5904.64;-;2.04%
19052020;5989.58;6020.53;6042.98;5942.00;-;0.05%
20052020;6102.50;5984.32;6102.50;5971.83;-;1.89%
21052020;6090.49;6105.00;6153.30;6060.58;-;-0.20%
22052020;6063.07;6037.71;6070.04;6015.03;-;-0.45%
25052020;6142.16;6088.95;6142.16;6087.81;-;1.30%
26052020;6167.22;6173.37;6207.50;6154.15;-;0.41%
27052020;6217.46;6162.93;6270.04;6159.60;-;0.81%
28052020;6325.33;6243.57;6325.33;6242.25;-;1.73%
29052020;6262.59;6301.32;6306.61;6176.68;-;-0.99%
01062020;6254.70;6300.80;6332.55;6215.97;-;-0.13%
02062020;6409.28;6279.52;6409.28;6253.58;-;2.47%
03062020;6541.18;6440.66;6550.54;6440.66;-;2.06%
04062020;6430.00;6534.68;6556.38;6386.32;-;-1.70%
05062020;6500.91;6468.70;6505.57;6443.50;-;1.10%
08062020;6527.84;6507.94;6582.31;6477.57;-;0.41%
09062020;6455.85;6558.09;6564.92;6396.57;-;-1.10%
10062020;6414.98;6452.18;6480.20;6396.64;-;-0.63%
11062020;6346.76;6309.61;6346.76;6293.05;-;-1.06%
15062020;6382.14;6205.70;6385.73;6205.70;-;0.56%
16062020;6459.03;6435.10;6526.18;6435.10;-;1.20%
17062020;6436.83;6474.99;6510.73;6436.83;-;-0.34%
18062020;6433.23;6435.18;6467.27;6402.97;-;-0.06%
19062020;6470.40;6472.82;6522.86;6466.27;-;0.58%
22062020;6498.16;6426.02;6509.52;6381.82;-;0.43%
23062020;6586.51;6530.47;6615.16;6526.83;-;1.36%
25062020;6571.80;6506.20;6589.22;6496.60;-;-0.22%
26062020;6542.06;6608.18;6620.83;6519.75;-;-0.45%
29062020;6555.03;6489.81;6557.38;6485.70;-;0.20%
30062020;6503.39;6568.51;6578.35;6478.40;-;-0.79%
02072020;6635.39;6543.29;6635.39;6533.03;-;2.03%
03072020;6652.74;6639.55;6672.34;6634.30;-;0.26%
06072020;6819.37;6719.15;6819.37;6719.15;-;2.50%
07072020;6808.53;6787.93;6829.60;6764.41;-;-0.16%
08072020;6716.77;6776.47;6804.37;6714.94;-;-1.35%
09072020;6751.22;6743.42;6780.33;6739.15;-;0.51%
10072020;6843.65;6709.04;6843.65;6708.24;-;1.37%
13072020;6840.00;6872.69;6892.47;6829.03;-;-0.05%
14072020;6817.27;6772.39;6823.26;6736.07;-;-0.33%
15072020;6914.66;6854.21;6917.41;6817.61;-;1.43%
16072020;6947.79;6918.53;6971.30;6877.49;-;0.48%
17072020;6988.80;6944.51;7017.36;6935.05;-;0.59%
20072020;7079.31;6963.83;7080.65;6945.48;-;1.30%
21072020;7156.97;7102.73;7279.99;7102.73;-;1.10%
22072020;7270.72;7182.98;7293.75;7182.98;-;1.59%
23072020;7239.14;7307.44;7312.50;7206.80;-;-0.43%
24072020;7296.92;7177.39;7296.92;7165.02;-;0.80%
27072020;7417.03;7290.66;7453.05;7275.71;-;1.65%
28072020;7411.66;7460.59;7516.92;7410.27;-;-0.07%
29072020;7497.11;7407.38;7497.11;7407.38;-;1.15%
30072020;7376.36;7495.84;7495.84;7336.61;-;-1.61%
31072020;7551.12;7404.33;7563.77;7404.33;-;2.37%
03082020;7726.28;7594.93;7768.56;7579.65;-;2.32%
04082020;7774.28;7756.31;7781.49;7701.99;-;0.62%
05082020;7798.98;7774.22;7916.95;7753.59;-;0.32%
06082020;7788.45;7819.06;7926.00;7755.26;-;-0.14%
07082020;7716.07;7818.79;7824.79;7716.07;-;-0.93%
10082020;7580.25;7754.30;7791.01;7576.76;-;-1.76%
11082020;7704.87;7625.05;7738.67;7625.05;-;1.64%
12082020;7742.09;7673.88;7748.77;7648.79;-;0.48%
13082020;7781.70;7759.56;7805.73;7737.19;-;0.51%
14082020;7658.40;7762.74;7762.74;7639.85;-;-1.58%
17082020;7714.33;7671.54;7766.98;7625.95;-;0.73%
18082020;7709.35;7693.96;7735.63;7672.15;-;-0.06%
19082020;7783.58;7692.38;7818.71;7657.23;-;0.96%
20082020;7667.20;7722.94;7741.89;7658.01;-;-1.50%
21082020;7748.35;7735.84;7771.09;7658.08;-;1.06%
24082020;7757.29;7782.36;7832.64;7751.09;-;0.12%
25082020;7757.16;7808.56;7818.83;7748.68;-;-0.00%
26082020;7753.46;7798.47;7812.55;7725.40;-;-0.05%
27082020;7651.85;7771.39;7781.13;7610.71;-;-1.31%
28082020;7533.40;7636.95;7656.85;7510.11;-;-1.55%
31082020;7589.93;7612.63;7644.35;7523.66;-;0.75%
01092020;7489.93;7624.69;7624.69;7441.16;-;-1.32%
02092020;7485.07;7517.09;7528.39;7439.39;-;-0.06%
03092020;7346.70;7452.81;7493.02;7319.48;-;-1.85%
04092020;7319.50;7272.01;7377.48;7261.87;-;-0.37%
07092020;7459.96;7337.59;7475.30;7312.83;-;1.92%
08092020;7354.36;7493.67;7514.56;7291.58;-;-1.42%
09092020;7357.00;7352.15;7370.86;7315.97;-;0.04%
10092020;7455.70;7366.93;7455.70;7322.50;-;1.34%
11092020;7386.76;7433.72;7461.63;7386.76;-;-0.92%
14092020;7471.17;7438.75;7491.94;7425.55;-;1.14%
15092020;7637.76;7488.88;7646.55;7483.97;-;2.23%
16092020;7769.73;7660.93;7779.26;7655.48;-;1.73%
17092020;7807.32;7697.60;7821.63;7690.77;-;0.48%
18092020;7783.96;7830.65;7830.65;7758.42;-;-0.30%
21092020;7574.62;7714.94;7732.83;7568.88;-;-2.69%
22092020;7667.85;7583.82;7753.52;7583.82;-;1.23%
23092020;7800.41;7815.07;7897.61;7793.09;-;1.73%
24092020;7735.79;7776.65;7798.17;7700.27;-;-0.83%
25092020;7753.80;7724.68;7762.09;7640.66;-;0.23%
28092020;7833.44;7748.90;7852.90;7748.90;-;1.03%
29092020;7841.68;7852.55;7871.86;7735.92;-;0.11%
30092020;7793.75;7818.72;7841.10;7772.29;-;-0.61%
01102020;7761.66;7845.76;7846.93;7737.25;-;-0.41%
02102020;7577.54;7558.99;7595.45;7533.16;-;-2.37%
05102020;7676.54;7605.24;7687.25;7588.90;-;1.31%
06102020;7692.45;7690.73;7715.10;7677.12;-;0.21%
07102020;7577.74;7704.25;7704.25;7571.65;-;-1.49%
08102020;7520.98;7581.54;7600.83;7508.56;-;-0.75%
09102020;7537.13;7518.39;7564.30;7444.52;-;0.21%
12102020;7443.88;7544.53;7598.77;7443.88;-;-1.24%
13102020;7382.06;7476.52;7495.52;7364.33;-;-0.83%
14102020;7467.57;7369.73;7509.15;7364.65;-;1.16%
15102020;7374.37;7469.98;7475.10;7345.86;-;-1.25%
16102020;7235.72;7371.79;7381.20;7235.72;-;-1.88%
19102020;7172.42;7235.74;7270.80;7150.24;-;-0.87%
20102020;7184.27;7147.12;7331.69;7103.45;-;0.17%
21102020;7254.37;7234.63;7346.82;7234.63;-;0.98%
22102020;7325.10;7244.67;7354.20;7242.65;-;0.97%
23102020;7343.20;7349.67;7378.56;7319.07;-;0.25%
26102020;7361.10;7350.43;7413.19;7314.32;-;0.24%
27102020;7372.77;7333.12;7377.18;7263.92;-;0.16%
28102020;7221.62;7343.10;7364.41;7209.47;-;-2.05%
29102020;7249.97;7266.10;7301.06;7165.43;-;0.39%
30102020;7121.73;7196.17;7217.36;7103.87;-;-1.77%
02112020;7188.87;7047.56;7217.26;6978.74;-;0.94%
03112020;7306.36;7244.91;7319.40;7207.34;-;1.63%
05112020;7561.46;7412.75;7570.81;7366.73;-;3.49%
06112020;7622.57;7505.02;7622.57;7467.80;-;0.81%
09112020;7779.87;7685.97;7837.55;7650.08;-;2.06%
10112020;7839.30;7745.96;7840.06;7718.40;-;0.76%
11112020;7955.85;7795.05;8021.21;7782.08;-;1.49%
12112020;7994.47;7924.88;8039.68;7874.57;-;0.49%
13112020;8028.99;7972.49;8039.51;7966.95;-;0.43%
16112020;8124.33;8129.70;8226.24;8076.66;-;1.19%
17112020;8087.78;8131.01;8154.39;7996.23;-;-0.45%
18112020;8131.89;8026.76;8152.43;8011.84;-;0.55%
19112020;8015.00;8074.92;8118.16;8009.86;-;-1.44%
20112020;8011.60;7985.10;8052.75;7985.10;-;-0.04%
23112020;7943.18;8050.35;8128.69;7909.65;-;-0.85%
24112020;8036.43;7990.75;8053.67;7943.25;-;1.17%
25112020;8216.94;8087.77;8250.65;8038.24;-;2.25%
26112020;8242.07;8232.89;8261.76;8142.79;-;0.31%
27112020;8393.97;8229.43;8433.15;8215.78;-;1.84%
30112020;8410.65;8340.78;8420.51;8323.31;-;0.20%
01122020;8565.26;8439.75;8565.26;8433.94;-;1.84%
02122020;8699.64;8555.48;8714.20;8555.48;-;1.57%
03122020;8644.08;8751.54;8786.68;8584.09;-;-0.64%
04122020;8740.59;8643.54;8755.56;8598.54;-;1.12%
07122020;8756.94;8738.00;8817.89;8688.04;-;0.19%
08122020;8710.15;8687.88;8763.13;8613.27;-;-0.53%
09122020;8921.57;8730.50;8965.19;8709.48;-;2.43%
10122020;8848.04;8812.83;8922.86;8782.67;-;-0.82%
11122020;8735.77;8729.05;8825.15;8691.23;-;-1.27%
14122020;8668.45;8790.69;8833.16;8641.22;-;-0.77%
15122020;8747.46;8591.04;8798.38;8591.04;-;0.91%
16122020;8795.06;8787.91;8831.96;8714.02;-;0.54%
17122020;8808.35;8831.19;8903.89;8778.83;-;0.15%
18122020;8713.19;8807.25;8807.25;8679.11;-;-1.08%
21122020;8415.63;8612.71;8633.99;8327.10;-;-3.42%
22122020;8575.04;8465.06;8644.52;8413.96;-;1.89%
23122020;8638.39;8541.39;8638.39;8541.39;-;0.74%
24122020;8622.23;8683.56;8700.85;8592.54;-;-0.19%
25122020;8597.77;8626.28;8629.69;8570.91;-;-0.28%
28122020;8637.13;8621.62;8665.66;8581.29;-;0.46%
29122020;8621.06;8674.85;8692.12;8589.88;-;-0.19%
30122020;8611.78;8607.82;8671.53;8602.60;-;-0.11%
04012021;8803.02;8694.35;8824.47;8686.53;-;2.22%
05012021;8763.80;8730.82;8796.80;8698.88;-;-0.45%
06012021;8767.39;8793.54;8826.88;8731.07;-;0.04%
08012021;9264.09;8937.44;9306.79;8911.99;-;5.67%
11012021;9393.39;9197.96;9512.22;9197.96;-;1.40%
12012021;9298.15;9425.01;9480.09;9214.87;-;-1.01%
13012021;9267.43;9383.60;9422.55;9237.31;-;-0.33%
14012021;9406.24;9285.69;9423.76;9216.70;-;1.50%
15012021;9564.35;9357.29;9731.02;9348.61;-;1.68%
18012021;9704.94;9463.36;9843.09;9463.36;-;1.47%
19012021;9609.80;9765.52;9822.61;9605.82;-;-0.98%
20012021;9499.92;9662.33;9750.01;9479.49;-;-1.14%
21012021;9249.32;9547.76;9565.13;9206.93;-;-2.64%
22012021;9188.49;9182.29;9258.56;9114.23;-;-0.66%
25012021;9293.57;9277.73;9383.42;9215.85;-;1.14%
26012021;9266.72;9228.29;9318.45;9228.29;-;-0.29%
27012021;9213.04;9302.46;9328.58;9109.13;-;-0.58%
28012021;9171.95;9097.60;9216.45;9015.17;-;-0.45%
29012021;9086.26;9148.87;9202.58;9072.61;-;-0.93%
01022021;9234.39;9107.59;9279.36;9107.59;-;1.63%
02022021;9356.16;9339.19;9385.44;9259.86;-;1.32%
03022021;9269.19;9308.99;9377.83;9259.92;-;-0.93%
04022021;9296.67;9294.15;9347.84;9270.22;-;0.30%
05022021;9387.56;9371.98;9433.51;9336.70;-;0.98%
08022021;9625.69;9465.36;9636.31;9465.36;-;2.54%
09022021;9696.75;9667.54;9756.89;9597.48;-;0.74%
10022021;9672.00;9810.89;9919.23;9650.20;-;-0.26%
11022021;9672.82;9702.38;9757.75;9662.05;-;0.01%
12022021;9700.56;9669.14;9700.56;9527.96;-;0.29%
15022021;9855.48;9830.02;9874.76;9736.22;-;1.60%
16022021;9954.39;9913.87;9996.33;9824.99;-;1.00%
17022021;10068.37;9982.23;10197.61;9968.90;-;1.15%
18022021;9994.23;10087.62;10155.43;9966.58;-;-0.74%
19022021;10285.14;9937.21;10311.15;9890.94;-;2.91%
20022021;10395.65;10290.51;10415.47;10253.40;3.81B;1.07%
22022021;10403.64;10402.93;10588.99;10243.41;-;0.08%
24022021;10064.28;10209.57;10315.85;10064.28;-;-3.26%
25022021;10342.32;10186.67;10350.79;10137.44;-;2.76%
26022021;10164.83;10133.35;10343.21;10029.45;-;-1.72%
01032021;10289.54;10216.93;10311.02;10165.09;-;1.23%
02032021;10267.67;10270.17;10337.35;10240.33;-;-0.21%
03032021;10205.97;10326.71;10347.52;10205.97;-;-0.60%
04032021;10151.14;10190.11;10219.28;9983.50;-;-0.54%
05032021;10107.57;10124.21;10170.16;9967.27;-;-0.43%
09032021;10138.05;10104.27;10185.84;10099.59;-;0.30%
10032021;10162.14;10185.00;10349.58;10151.98;-;0.24%
11032021;10303.61;10231.09;10317.12;10082.25;-;1.39%
12032021;10657.91;10315.07;10683.97;10287.16;-;3.44%
15032021;10697.27;10752.02;10817.26;10691.53;-;0.37%
16032021;10925.76;10764.44;10990.49;10715.13;-;2.14%
17032021;10689.28;10951.68;10988.69;10665.22;-;-2.16%
18032021;10750.00;10840.67;10877.47;10666.92;-;0.57%
19032021;10691.01;10648.67;10715.78;10555.99;-;-0.55%
22032021;10818.30;10705.13;10821.36;10680.97;-;1.19%
23032021;10666.52;10780.43;10805.22;10632.37;-;-1.40%
24032021;10699.08;10616.89;10750.49;10604.65;-;0.31%
25032021;10662.46;10690.04;10712.30;10640.28;-;-0.34%
26032021;10738.77;10741.50;10870.57;10732.28;-;0.72%
29032021;10863.83;10778.61;10863.83;10737.61;-;1.16%
30032021;11039.90;10872.57;11039.90;10872.57;-;1.62%
31032021;11095.87;11038.39;11159.76;10991.08;-;0.51%
01042021;11083.58;11162.02;11282.30;11083.58;-;-0.11%
02042021;11236.99;11173.67;11295.55;11123.20;-;1.38%
05042021;11309.98;11239.90;11330.47;11237.97;-;0.65%
06042021;11193.57;11337.32;11337.32;11191.00;-;-1.03%
07042021;11162.07;11172.47;11254.95;11085.51;-;-0.28%
08042021;11179.48;11230.13;11243.61;11138.20;-;0.16%
09042021;11091.72;11200.79;11248.32;11074.20;-;-0.79%
12042021;11153.90;11070.80;11235.52;11035.06;-;0.56%
13042021;11228.73;11177.65;11279.06;11111.34;-;0.67%
14042021;11290.16;11256.00;11332.78;11174.81;-;0.55%
15042021;11171.93;11166.87;11223.16;11090.07;-;-1.05%
16042021;11482.51;11188.54;11482.51;11154.33;-;2.78%
19042021;11395.15;11434.97;11484.52;11337.38;-;-0.76%
20042021;11183.11;11395.94;11460.14;11123.56;-;-1.86%
21042021;11142.97;11216.37;11260.88;11112.00;-;-0.36%
22042021;11296.72;11246.22;11351.28;11221.23;-;1.38%
23042021;11547.78;11305.44;11547.78;11299.50;-;2.22%
26042021;11623.99;11542.99;11632.54;11434.25;-;0.66%
27042021;11631.78;11624.85;11755.39;11615.33;-;0.07%
28042021;11520.16;11686.40;11694.54;11454.59;-;-0.96%
29042021;11467.48;11622.32;11638.31;11442.85;-;-0.46%
30042021;11552.27;11486.88;11607.16;11442.03;-;0.74%
04052021;11798.85;11664.18;11836.39;11608.53;-;2.13%
05052021;11930.96;11892.58;11930.96;11826.50;-;1.12%
06052021;12079.45;11916.94;12079.45;11878.42;-;1.24%
07052021;12074.32;12148.34;12155.22;12043.00;-;-0.04%
10052021;12230.75;12072.16;12258.99;12002.44;-;1.30%
11052021;12094.25;11990.72;12094.25;11961.25;-;-1.12%
12052021;11874.16;12098.96;12111.54;11872.39;-;-1.82%
13052021;11788.74;11719.64;11827.03;11595.26;-;-0.72%
14052021;11680.61;11917.02;11925.17;11646.62;-;-0.92%
17052021;11530.09;11652.53;11691.05;11515.04;-;-1.29%
18052021;11575.06;11624.81;11733.84;11534.47;-;0.39%
19052021;11292.89;11514.83;11514.83;11239.87;-;-2.44%
20052021;11429.57;11363.77;11442.84;11289.47;-;1.21%
21052021;11481.25;11444.46;11497.20;11379.73;-;0.45%
24052021;11471.57;11498.15;11544.98;11461.40;-;-0.08%
25052021;11580.11;11524.84;11586.07;11513.13;-;0.95%
26052021;11859.94;11593.09;11871.37;11593.09;-;2.42%
27052021;12291.20;11855.53;12291.20;11855.53;-;3.64%
28052021;12179.06;12239.17;12239.17;12149.72;-;-0.91%
31052021;12196.09;12228.58;12324.12;12170.12;-;0.14%
01062021;12245.09;12266.62;12343.66;12217.15;-;0.40%
02062021;12208.33;12266.28;12276.45;12012.76;-;-0.30%
03062021;12052.19;12249.53;12256.83;11985.18;-;-1.28%
04062021;12114.33;11999.28;12115.51;11869.42;-;0.52%
07062021;12163.64;12123.91;12178.84;12031.07;-;0.41%
08062021;12146.73;12139.64;12204.54;12046.07;-;-0.14%
09062021;12303.97;12182.15;12303.97;12173.85;-;1.29%
10062021;12250.25;12280.62;12341.49;12249.31;-;-0.44%
11062021;12537.12;12319.83;12607.82;12269.44;-;2.34%
14062021;12516.34;12562.14;12570.70;12443.79;-;-0.17%
15062021;12342.99;12519.59;12546.85;12320.50;-;-1.38%
16062021;12266.84;12333.22;12384.71;12259.20;-;-0.62%
17062021;12327.89;12211.60;12327.89;12178.61;-;0.50%
18062021;12324.57;12293.19;12379.06;12252.02;-;-0.03%
21062021;12356.62;12275.79;12381.49;12217.23;-;0.26%
22062021;12370.46;12422.48;12428.36;12303.38;-;0.11%
23062021;12465.64;12431.30;12473.70;12312.44;-;0.77%
24062021;12590.78;12439.02;12645.49;12428.63;-;1.00%
25062021;12538.52;12562.82;12581.26;12483.59;-;-0.42%
28062021;12622.57;12554.99;12697.51;12543.55;-;0.67%
29062021;12507.00;12617.62;12658.21;12479.62;-;-0.92%
30062021;12601.14;12516.06;12648.72;12422.06;-;0.75%
01072021;12603.68;12621.18;12665.96;12550.40;-;0.02%
02072021;12643.59;12618.64;12702.14;12571.48;-;0.32%
05072021;12847.12;12663.10;12856.14;12642.19;-;1.61%
06072021;12846.11;12929.81;13060.96;12830.76;-;-0.01%
07072021;12801.50;12904.85;12960.64;12763.51;-;-0.35%
08072021;12755.96;12779.67;12793.64;12684.50;-;-0.36%
09072021;12729.79;12805.48;12805.48;12725.59;-;-0.21%
12072021;12858.09;12795.93;12883.64;12725.29;-;1.01%
13072021;12634.98;12895.26;12919.81;12634.98;-;-1.74%
14072021;12482.67;12587.68;12592.51;12359.85;-;-1.21%
15072021;12496.96;12471.93;12580.96;12389.55;-;0.11%
16072021;12515.05;12515.23;12645.92;12462.28;-;0.14%
19072021;12177.76;12436.77;12485.91;12142.04;-;-2.70%
20072021;12335.52;12235.92;12355.11;12229.41;-;1.30%
21072021;12391.85;12346.78;12427.85;12343.21;-;0.46%
22072021;12482.85;12451.70;12509.70;12362.97;-;0.73%
23072021;12485.62;12530.64;12547.13;12435.29;-;0.02%
26072021;12594.14;12442.89;12621.98;12404.57;-;0.87%
27072021;12432.80;12621.38;12658.01;12432.80;-;-1.28%
28072021;12530.30;12512.03;12530.30;12432.80;-;0.78%
29072021;12645.17;12574.11;12645.17;12530.30;-;0.92%
30072021;12497.63;12612.50;12645.17;12407.38;-;-1.17%
02082021;12619.25;12546.86;12658.20;12497.63;-;0.97%
03082021;12697.30;12576.34;12755.16;12576.34;-;0.62%
04082021;12855.63;12750.04;12868.56;12697.30;-;1.25%
05082021;13070.39;12848.93;13070.39;12848.93;-;1.67%
06082021;13087.81;13049.29;13172.86;13049.29;-;0.13%
09082021;13329.50;13019.22;13358.74;13019.22;-;1.85%
10082021;13449.41;13350.17;13496.68;13329.50;-;0.90%
11082021;13522.44;13501.30;13564.19;13404.75;-;0.54%
12082021;13484.78;13538.54;13555.33;13438.58;-;-0.28%
13082021;13441.70;13464.65;13521.91;13402.71;-;-0.32%
16082021;13573.45;13386.78;13575.16;13384.11;-;0.98%
17082021;13860.08;13579.94;13860.08;13573.45;-;2.11%
18082021;13797.83;13883.67;13913.81;13699.95;-;-0.45%
19082021;13396.72;13632.16;13797.83;13367.52;-;-2.91%
20082021;13313.60;13473.14;13564.85;13271.59;-;-0.62%
23082021;13430.62;13428.79;13510.46;13313.60;-;0.88%
24082021;13424.07;13528.95;13570.37;13359.79;-;-0.05%
25082021;13403.08;13436.07;13493.19;13378.38;-;-0.16%
26082021;13179.46;13409.32;13432.39;13136.88;-;-1.67%
27082021;13245.59;13263.70;13274.37;13080.21;-;0.50%
30082021;13332.11;13291.83;13382.73;13245.59;-;0.65%
31082021;13348.34;13339.70;13415.14;13292.95;-;0.12%
01092021;13644.24;13366.43;13680.87;13348.34;-;2.22%
02092021;13764.98;13719.97;13764.98;13584.24;-;0.88%
03092021;13647.18;13708.86;13764.98;13578.27;-;-0.86%
06092021;13728.60;13684.27;13756.00;13597.39;-;0.60%
07092021;13621.51;13748.20;13756.24;13573.09;-;-0.78%
08092021;13493.22;13625.70;13637.85;13452.77;-;-0.94%
09092021;13497.56;13441.83;13527.69;13318.62;-;0.03%
10092021;13462.98;13475.84;13564.41;13445.43;-;-0.26%
13092021;13443.16;13492.70;13510.43;13331.24;-;-0.15%
14092021;13298.97;13507.75;13514.61;13232.32;-;-1.07%
15092021;13325.97;13316.82;13354.84;13214.83;-;0.20%
16092021;13222.85;13347.02;13354.38;13135.07;-;-0.77%
17092021;13423.56;13239.21;13437.47;13229.12;-;1.52%
20092021;13253.49;13323.93;13346.21;13181.45;-;-1.27%
21092021;13170.90;13286.73;13292.08;13146.01;-;-0.62%
22092021;13205.55;13274.99;13274.99;13164.50;-;0.26%
23092021;13234.57;13286.90;13294.76;13169.17;-;0.22%
24092021;13148.06;13242.93;13252.82;13105.86;-;-0.65%
27092021;13180.80;13220.23;13237.36;13124.30;-;0.25%
28092021;12953.76;13229.50;13235.16;12917.68;-;-1.72%
29092021;12983.61;12915.28;13051.20;12915.28;-;0.23%
30092021;13336.34;13052.47;13361.27;13026.27;-;2.72%
01102021;13256.08;13256.18;13309.44;13207.59;-;-0.60%
04102021;13269.02;13269.96;13503.73;13262.86;-;0.10%
05102021;13714.58;13298.04;13719.38;13298.04;-;3.36%
06102021;13792.57;13769.77;13930.48;13653.70;-;0.57%
07102021;14079.14;13944.23;14115.76;13941.27;-;2.08%
08102021;14075.71;14071.61;14145.02;13998.56;-;-0.02%
11102021;14380.58;14123.51;14400.56;14119.48;-;2.17%
12102021;14441.88;14332.91;14470.72;14290.74;-;0.43%
13102021;14480.92;14407.81;14512.65;14325.62;-;0.27%
14102021;14570.39;14563.52;14744.03;14560.24;-;0.62%
15102021;14638.83;14658.61;14705.60;14478.60;-;0.47%
18102021;14487.53;14617.29;14644.47;14481.82;-;-1.03%
19102021;14609.07;14591.72;14629.73;14348.56;-;0.84%
20102021;14526.71;14656.21;14668.90;14470.55;-;-0.56%
21102021;14312.63;14460.65;14487.93;14280.72;-;-1.47%
22102021;14222.62;14315.51;14392.86;14222.62;-;-0.63%
25102021;14358.19;14292.68;14358.19;14141.21;-;0.95%
26102021;14226.34;14375.07;14376.70;14177.36;-;-0.92%
27102021;14210.93;14192.30;14256.22;13984.57;-;-0.11%
28102021;14090.20;14136.57;14255.12;13975.12;-;-0.85%
29102021;13894.02;14083.55;14083.55;13770.39;-;-1.39%
01112021;14330.82;13895.25;14349.08;13891.39;-;3.14%
02112021;14347.50;14360.20;14438.81;14288.21;-;0.12%
03112021;14326.93;14321.61;14342.14;14165.80;-;-0.14%
05112021;14294.73;14292.28;14338.13;14233.70;-;-0.22%
08112021;14454.57;14402.27;14559.12;14378.78;-;1.12%
09112021;14179.16;14457.64;14484.31;14149.65;-;-1.91%
10112021;13903.83;14190.01;14299.93;13848.23;-;-1.94%
11112021;13896.05;13868.47;13929.18;13699.94;-;-0.06%
12112021;13615.79;13898.18;13898.18;13485.28;-;-2.02%
15112021;13741.36;13635.97;13926.71;13635.97;-;0.92%
16112021;13549.75;13810.71;13841.11;13472.29;-;-1.39%
17112021;13590.56;13605.25;13691.41;13526.45;-;0.30%
18112021;13492.61;13505.54;13659.03;13438.44;-;-0.72%
19112021;13137.89;13641.29;13673.51;13095.82;-;-2.63%
22112021;12512.20;13095.86;13123.43;12450.72;-;-4.76%
23112021;12883.99;12400.34;12959.37;12121.89;-;2.97%
24112021;12769.43;13140.86;13294.33;12757.53;-;-0.89%
25112021;12945.86;12902.75;13050.27;12843.22;-;1.38%
26112021;12398.23;12529.11;12727.14;12398.23;-;-4.23%
29112021;12649.21;12606.62;12771.17;12508.57;-;2.02%
30112021;12842.58;12435.29;12842.58;12430.18;-;1.53%
01122021;13180.81;12894.08;13219.42;12878.07;-;2.63%
02122021;13070.23;13110.82;13207.92;12967.25;-;-0.84%
03122021;12996.82;13186.18;13220.12;12996.82;-;-0.56%
06122021;12425.42;13132.20;13141.50;12425.42;-;-4.40%
07122021;12486.43;12605.87;12694.66;12197.33;-;0.49%
08122021;11989.23;12697.89;12757.91;11989.23;-;-3.98%
09122021;12164.60;12067.52;12333.26;11969.15;-;1.46%
10122021;12026.28;12135.27;12195.38;11921.24;-;-1.14%
13122021;11496.45;12139.00;12139.00;11476.23;-;-4.41%
14122021;11446.69;11205.85;11519.90;11184.37;-;-0.43%
15122021;11427.63;11612.35;11626.84;11415.78;-;-0.17%
16122021;11962.28;11778.11;11976.57;11717.13;-;4.68%
17122021;11853.21;11855.09;11902.11;11717.65;-;-0.91%
20122021;11648.97;11635.05;11685.68;11565.86;-;-1.72%
21122021;11739.72;11822.29;11857.34;11702.37;-;0.78%
22122021;11900.04;11806.00;11928.16;11771.25;-;1.37%
23122021;11841.90;11917.86;11935.33;11777.91;-;-0.49%
24122021;11853.37;11882.75;11890.78;11697.33;-;0.10%
27122021;11944.16;11891.07;11980.21;11866.92;-;0.77%
28122021;12050.64;12009.40;12086.84;11934.13;-;0.89%
29122021;11930.39;12015.29;12050.15;11905.08;-;-1.00%
30122021;12064.54;11997.15;12065.29;11930.21;-;1.12%