<TICKER>;<PER>;<DATE>;<TIME>;<OPEN>;<HIGH>;<LOW>;<CLOSE>;<VOL>;<OPENINT>
FIVE-гдр;D;20180201;000000;2200;2225.5;2082.5;2110;179977;0
FIVE-гдр;D;20180202;000000;2129;2130;2015;2052;129069;0
FIVE-гдр;D;20180205;000000;2070;2090;2013;2089.5;67260;0
FIVE-гдр;D;20180206;000000;2060;2088.5;2005;2070;60393;0
FIVE-гдр;D;20180207;000000;2020;2117;2020;2090;22826;0
FIVE-гдр;D;20180208;000000;2090;2195;2060;2134;32091;0
FIVE-гдр;D;20180209;000000;2064;2120;2035;2046;28724;0
FIVE-гдр;D;20180212;000000;2065;2125;2052.5;2100.5;11486;0
FIVE-гдр;D;20180213;000000;2150;2150;2091;2140;27529;0
FIVE-гдр;D;20180214;000000;2149.5;2172;2142.5;2150.5;28268;0
FIVE-гдр;D;20180215;000000;2150.5;2155;2112;2144;22475;0
FIVE-гдр;D;20180216;000000;2157.5;2260;2080;2130;55935;0
FIVE-гдр;D;20180219;000000;2209;2209;2060;2079.5;41100;0
FIVE-гдр;D;20180220;000000;2075;2075.5;1941.5;1979.5;83633;0
FIVE-гдр;D;20180221;000000;1979.5;2019.5;1905.5;1958;44033;0
FIVE-гдр;D;20180222;000000;1958;2030;1930;1996.5;52056;0
FIVE-гдр;D;20180226;000000;2020;2035;2003;2017;13766;0
FIVE-гдр;D;20180227;000000;2034;2034;2003.5;2017;3936;0
FIVE-гдр;D;20180228;000000;2006.5;2029;2002.5;2015;13954;0
FIVE-гдр;D;20180301;000000;2023.5;2040;1994.5;2040;56625;0
FIVE-гдр;D;20180302;000000;2020;2044.5;1969.5;2000.5;93981;0
FIVE-гдр;D;20180305;000000;2006.5;2050;1980;2016;41937;0
FIVE-гдр;D;20180306;000000;2001.5;2032.5;1930;1943.5;140872;0
FIVE-гдр;D;20180307;000000;1957.5;1960;1920;1946.5;155042;0
FIVE-гдр;D;20180309;000000;1935;1968;1935;1955.5;102546;0
FIVE-гдр;D;20180312;000000;1965.5;1980;1937;1960.5;84376;0
FIVE-гдр;D;20180313;000000;1975;1975;1905;1910;122430;0
FIVE-гдр;D;20180314;000000;1922;1922.5;1867;1885.5;112525;0
FIVE-гдр;D;20180315;000000;1861;1965;1850;1965;165872;0
FIVE-гдр;D;20180316;000000;1948.5;1966.5;1926;1965;126067;0
FIVE-гдр;D;20180319;000000;1965;1981.5;1894.5;1915;102842;0
FIVE-гдр;D;20180320;000000;1910;1917;1878.5;1891;118732;0
FIVE-гдр;D;20180321;000000;1890;1936;1875;1920;165885;0
FIVE-гдр;D;20180322;000000;1930;1946;1861;1875;128810;0
FIVE-гдр;D;20180323;000000;1865;1900;1800;1858;153519;0
FIVE-гдр;D;20180326;000000;1858.5;1862.5;1809.5;1811;113558;0
FIVE-гдр;D;20180327;000000;1821;1849;1800;1846.5;86284;0
FIVE-гдр;D;20180328;000000;1847;1847;1801.5;1838.5;88536;0
FIVE-гдр;D;20180329;000000;1845;2019;1830.5;1932;337733;0
FIVE-гдр;D;20180330;000000;1965;1978;1927;1932;50449;0
FIVE-гдр;D;20180402;000000;1947;1965;1913.5;1949.5;30725;0
FIVE-гдр;D;20180403;000000;1950;1961.5;1919;1948;130619;0
FIVE-гдр;D;20180404;000000;1958;1959;1927.5;1959;81702;0
FIVE-гдр;D;20180405;000000;1960;2050;1946;2050;152747;0
FIVE-гдр;D;20180406;000000;2030;2069.5;2000;2025;98551;0
FIVE-гдр;D;20180409;000000;2020;2022;1730;1892.5;341118;0
FIVE-гдр;D;20180410;000000;1884.5;1973.5;1865.5;1937;236848;0
FIVE-гдр;D;20180411;000000;1923.5;1965;1812;1875;192975;0
FIVE-гдр;D;20180412;000000;1880;1948;1850;1913.5;194148;0
FIVE-гдр;D;20180413;000000;1907.5;1940;1881.5;1901;109130;0
FIVE-гдр;D;20180416;000000;1857;1938;1855;1930;96075;0
FIVE-гдр;D;20180417;000000;1942;2056.5;1896.5;1969;174543;0
FIVE-гдр;D;20180418;000000;1961.5;2100;1960.5;2055;142706;0
FIVE-гдр;D;20180419;000000;2061;2095;1960.5;1974;108519;0
FIVE-гдр;D;20180420;000000;1974.5;1995.5;1952;1974.5;79574;0
FIVE-гдр;D;20180423;000000;1974.5;1993.5;1908;1940;178232;0
FIVE-гдр;D;20180424;000000;1940;1953;1901.5;1906.5;111331;0
FIVE-гдр;D;20180425;000000;1909.5;1909.5;1780.5;1800;432634;0
FIVE-гдр;D;20180426;000000;1809;1809;1654;1740;770133;0
FIVE-гдр;D;20180427;000000;1741;1825;1741;1800;185365;0
FIVE-гдр;D;20180428;000000;1823.5;1823.5;1770;1803.5;21756;0
FIVE-гдр;D;20180430;000000;1800.5;1825;1781;1795.5;52230;0
FIVE-гдр;D;20180502;000000;1798;1840.5;1782.5;1815;74041;0
FIVE-гдр;D;20180503;000000;1815;1837;1790;1801;59101;0
FIVE-гдр;D;20180504;000000;1808.5;1835;1797.5;1835;59933;0
FIVE-гдр;D;20180507;000000;1836;1861;1834.5;1856.5;86924;0
FIVE-гдр;D;20180508;000000;1849;1900;1829;1845;196097;0
FIVE-гдр;D;20180510;000000;1853;1885;1780;1802;182542;0
FIVE-гдр;D;20180511;000000;1804;1822;1785.5;1799.5;239508;0
FIVE-гдр;D;20180514;000000;1820;1867.5;1800;1854;252156;0
FIVE-гдр;D;20180515;000000;1917;1953.5;1875;1911;1000504;0
FIVE-гдр;D;20180516;000000;1911;1934;1897;1917.5;550751;0
FIVE-гдр;D;20180517;000000;1924.5;1930;1896;1925;492665;0
FIVE-гдр;D;20180518;000000;1917;1925;1874;1880;537811;0
FIVE-гдр;D;20180521;000000;1880;1904.5;1860;1864.5;583111;0
FIVE-гдр;D;20180522;000000;1874.5;1874.5;1817.5;1844;420684;0
FIVE-гдр;D;20180523;000000;1849;1881;1837.5;1871.5;433312;0
FIVE-гдр;D;20180524;000000;1805.5;1814.5;1792;1813;539020;0
FIVE-гдр;D;20180525;000000;1819;1878.5;1800;1844.5;586334;0
FIVE-гдр;D;20180528;000000;1845;1925;1845;1915;659229;0
FIVE-гдр;D;20180529;000000;1915;1916.5;1783;1840;1271627;0
FIVE-гдр;D;20180530;000000;1848.5;1848.5;1760;1785;1360737;0
FIVE-гдр;D;20180531;000000;1797.5;1808;1725;1808;7111058;0
FIVE-гдр;D;20180601;000000;1789;1800;1748;1748;534262;0
FIVE-гдр;D;20180604;000000;1757;1783;1754.5;1771;304590;0
FIVE-гдр;D;20180605;000000;1757.5;1780;1751.5;1770;143111;0
FIVE-гдр;D;20180606;000000;1770;1790;1754.5;1758.5;836680;0
FIVE-гдр;D;20180607;000000;1764.5;1789;1743.5;1743.5;289422;0
FIVE-гдр;D;20180608;000000;1750;1750;1652;1675;393233;0
FIVE-гдр;D;20180609;000000;1690.5;1690.5;1671.5;1683.5;10036;0
FIVE-гдр;D;20180611;000000;1683;1727;1670.5;1675.5;120447;0
FIVE-гдр;D;20180613;000000;1684;1694;1650.5;1650.5;178547;0
FIVE-гдр;D;20180614;000000;1650.5;1675;1617;1645.5;128204;0
FIVE-гдр;D;20180615;000000;1646;1670;1627.5;1627.5;220646;0
FIVE-гдр;D;20180618;000000;1626.5;1664.5;1615;1645;193231;0
FIVE-гдр;D;20180619;000000;1634;1694;1633;1682;165698;0
FIVE-гдр;D;20180620;000000;1695.5;1746.5;1677;1730;179186;0
FIVE-гдр;D;20180621;000000;1746.5;1795;1730.5;1770;184271;0
FIVE-гдр;D;20180622;000000;1766;1780;1726.5;1729;155552;0
FIVE-гдр;D;20180625;000000;1710.5;1792.5;1710.5;1766.5;156785;0
FIVE-гдр;D;20180626;000000;1768;1790;1713.5;1743;101417;0
FIVE-гдр;D;20180627;000000;1759.5;1773.5;1687.5;1690;234185;0
FIVE-гдр;D;20180628;000000;1690.5;1720.5;1672;1673.5;119871;0
FIVE-гдр;D;20180629;000000;1685;1727;1660.5;1727;186346;0
FIVE-гдр;D;20180702;000000;1690;1700;1661;1687;101058;0
FIVE-гдр;D;20180703;000000;1688;1688;1617;1617.5;201129;0
FIVE-гдр;D;20180704;000000;1621;1681;1612.5;1645.5;155889;0
FIVE-гдр;D;20180705;000000;1645;1700;1641;1700;171196;0
FIVE-гдр;D;20180706;000000;1699;1700;1658;1685;105522;0
FIVE-гдр;D;20180709;000000;1693;1765;1654;1751.5;239847;0
FIVE-гдр;D;20180710;000000;1780;1780;1742.5;1780;118940;0
FIVE-гдр;D;20180711;000000;1769.5;1775.5;1710;1715.5;100963;0
FIVE-гдр;D;20180712;000000;1723;1744;1706.5;1721;61260;0
FIVE-гдр;D;20180713;000000;1720.5;1758;1711;1758;71336;0
FIVE-гдр;D;20180716;000000;1758;1765;1712;1760;84274;0
FIVE-гдр;D;20180717;000000;1741;1769;1710;1767;126505;0
FIVE-гдр;D;20180718;000000;1767.5;1884.5;1753;1840;398320;0
FIVE-гдр;D;20180719;000000;1840;1870;1735;1768;263560;0
FIVE-гдр;D;20180720;000000;1768;1768;1680;1691.5;127808;0
FIVE-гдр;D;20180723;000000;1680;1738;1680;1738;75772;0
FIVE-гдр;D;20180724;000000;1725;1763.5;1712;1734;71611;0
FIVE-гдр;D;20180725;000000;1724.5;1747.5;1707;1720;72257;0
FIVE-гдр;D;20180726;000000;1703;1761;1701;1758.5;106939;0
FIVE-гдр;D;20180727;000000;1748;1765;1706;1727.5;63737;0
FIVE-гдр;D;20180730;000000;1727;1728;1684;1728;78163;0
FIVE-гдр;D;20180731;000000;1703;1706.5;1670;1680;113468;0
FIVE-гдр;D;20180801;000000;1682;1731;1680;1731;89516;0
FIVE-гдр;D;20180802;000000;1721;1727;1700;1700;47920;0
FIVE-гдр;D;20180803;000000;1695;1710;1660;1682.5;116340;0
FIVE-гдр;D;20180806;000000;1683.5;1715.5;1666.5;1707;64677;0
FIVE-гдр;D;20180807;000000;1686.5;1725;1685;1710;76686;0
FIVE-гдр;D;20180808;000000;1710;1719;1661;1719;116953;0
FIVE-гдр;D;20180809;000000;1714;1727;1645.5;1672;182822;0
FIVE-гдр;D;20180810;000000;1666;1670.5;1582;1617;194138;0
FIVE-гдр;D;20180813;000000;1605;1624;1551;1624;345843;0
FIVE-гдр;D;20180814;000000;1623;1682.5;1578;1583;336429;0
FIVE-гдр;D;20180815;000000;1578.5;1599;1531;1577;226628;0
FIVE-гдр;D;20180816;000000;1574.5;1583;1531;1540.5;166135;0
FIVE-гдр;D;20180817;000000;1541;1595;1537.5;1571;151964;0
FIVE-гдр;D;20180820;000000;1576;1606;1564;1590.5;59048;0
FIVE-гдр;D;20180821;000000;1612.5;1612.5;1581;1607;95193;0
FIVE-гдр;D;20180822;000000;1609.5;1611.5;1579;1608;95561;0
FIVE-гдр;D;20180823;000000;1600;1624.5;1556;1556;114330;0
FIVE-гдр;D;20180824;000000;1556;1584;1542;1575;95410;0
FIVE-гдр;D;20180827;000000;1568;1581;1550;1580;25453;0
FIVE-гдр;D;20180828;000000;1579.5;1579.5;1523.5;1532;206341;0
FIVE-гдр;D;20180829;000000;1536;1554.5;1523;1540.5;107670;0
FIVE-гдр;D;20180830;000000;1550;1562;1520;1529.5;103717;0
FIVE-гдр;D;20180831;000000;1520.5;1590;1510.5;1590;244976;0
FIVE-гдр;D;20180903;000000;1583.5;1588;1555;1572;54745;0
FIVE-гдр;D;20180904;000000;1572;1588;1567;1576;67242;0
FIVE-гдр;D;20180905;000000;1566;1582.5;1545;1545;54034;0
FIVE-гдр;D;20180906;000000;1552;1570;1529;1558.5;54186;0
FIVE-гдр;D;20180907;000000;1541;1575;1541;1563;32131;0
FIVE-гдр;D;20180910;000000;1576.5;1585;1553.5;1569.5;36194;0
FIVE-гдр;D;20180911;000000;1552;1557.5;1489;1512;168376;0
FIVE-гдр;D;20180912;000000;1515.5;1516;1446;1474.5;130974;0
FIVE-гдр;D;20180913;000000;1488.5;1544;1470.5;1540;171278;0
FIVE-гдр;D;20180914;000000;1515.5;1595;1510;1595;155752;0
FIVE-гдр;D;20180917;000000;1595.5;1645;1595;1645;92469;0
FIVE-гдр;D;20180918;000000;1640;1665.5;1605.5;1638;86014;0
FIVE-гдр;D;20180919;000000;1622;1659.5;1606.5;1625;86742;0
FIVE-гдр;D;20180920;000000;1638;1713;1634.5;1671;320462;0
FIVE-гдр;D;20180921;000000;1668;1692.5;1649.5;1685;273134;0
FIVE-гдр;D;20180924;000000;1685;1701;1610;1616.5;66035;0
FIVE-гдр;D;20180925;000000;1616.5;1640;1615;1630.5;55346;0
FIVE-гдр;D;20180926;000000;1640;1640;1573;1573;73454;0
FIVE-гдр;D;20180927;000000;1573;1581.5;1426.5;1515.5;338345;0
FIVE-гдр;D;20180928;000000;1500;1510;1475;1481.5;101563;0
FIVE-гдр;D;20181001;000000;1482;1493;1430.5;1437;155266;0
FIVE-гдр;D;20181002;000000;1448;1459;1400;1412;112181;0
FIVE-гдр;D;20181003;000000;1407;1431;1399;1411;83161;0
FIVE-гдр;D;20181004;000000;1411.5;1446.5;1402.5;1424;96333;0
FIVE-гдр;D;20181005;000000;1420;1429.5;1388.5;1390;92465;0
FIVE-гдр;D;20181008;000000;1403;1412;1377;1378;83595;0
FIVE-гдр;D;20181009;000000;1380;1397;1337.5;1353;108726;0
FIVE-гдр;D;20181010;000000;1341;1373.5;1317.5;1319;130130;0
FIVE-гдр;D;20181011;000000;1300;1320;1277.5;1287;216304;0
FIVE-гдр;D;20181012;000000;1294;1382;1294;1382;123170;0
FIVE-гдр;D;20181015;000000;1381;1397;1346.5;1362;115876;0
FIVE-гдр;D;20181016;000000;1363;1386.5;1352;1373.5;94842;0
FIVE-гдр;D;20181017;000000;1374;1459.5;1374;1442;159804;0
FIVE-гдр;D;20181018;000000;1462.5;1462.5;1402.5;1420.5;132661;0
FIVE-гдр;D;20181019;000000;1421;1449;1399;1434.5;128692;0
FIVE-гдр;D;20181022;000000;1444.5;1474.5;1427;1442;78425;0
FIVE-гдр;D;20181023;000000;1442;1458;1410;1442.5;76075;0
FIVE-гдр;D;20181024;000000;1442;1574;1442;1532;345234;0
FIVE-гдр;D;20181025;000000;1525.5;1594.5;1496;1555;142131;0
FIVE-гдр;D;20181026;000000;1540.5;1540.5;1496;1530;84150;0
FIVE-гдр;D;20181029;000000;1540;1568;1473;1534;49641;0
FIVE-гдр;D;20181030;000000;1529.5;1570;1500;1562.5;72032;0
FIVE-гдр;D;20181031;000000;1559.5;1597;1524;1539;115386;0
FIVE-гдр;D;20181101;000000;1539;1598.5;1513;1598.5;105747;0
FIVE-гдр;D;20181102;000000;1599;1655;1580.5;1614.5;88263;0
FIVE-гдр;D;20181106;000000;1599.5;1642.5;1599.5;1629.5;49552;0
FIVE-гдр;D;20181107;000000;1605.5;1663.5;1605.5;1640;74185;0
FIVE-гдр;D;20181108;000000;1636;1657.5;1610;1610;49827;0
FIVE-гдр;D;20181109;000000;1607;1629.5;1563;1610.5;101085;0
FIVE-гдр;D;20181112;000000;1620;1626;1560.5;1577.5;39350;0
FIVE-гдр;D;20181113;000000;1562;1615;1554;1554;62202;0
FIVE-гдр;D;20181114;000000;1559;1595;1521;1535.5;75920;0
FIVE-гдр;D;20181115;000000;1549.5;1605;1532.5;1583.5;64204;0
FIVE-гдр;D;20181116;000000;1576;1600;1547.5;1565;68248;0
FIVE-гдр;D;20181119;000000;1549;1599;1544.5;1558.5;51997;0
FIVE-гдр;D;20181120;000000;1567.5;1649.5;1495.5;1513.5;66965;0
FIVE-гдр;D;20181121;000000;1497.5;1564.5;1497.5;1558.5;50970;0
FIVE-гдр;D;20181122;000000;1535.5;1586.5;1535;1583;41631;0
FIVE-гдр;D;20181123;000000;1565;1606.5;1551.5;1606.5;81924;0
FIVE-гдр;D;20181126;000000;1595;1629;1535;1597;85403;0
FIVE-гдр;D;20181127;000000;1590;1656;1575.5;1656;60146;0
FIVE-гдр;D;20181128;000000;1657;1745;1655.5;1721.5;122681;0
FIVE-гдр;D;20181129;000000;1722;1795;1676.5;1710;174556;0
FIVE-гдр;D;20181130;000000;1767.5;1773.5;1678;1725;264971;0
FIVE-гдр;D;20181203;000000;1730;1790;1717;1742.5;116013;0
FIVE-гдр;D;20181204;000000;1742.5;1743.5;1645;1667.5;155737;0
FIVE-гдр;D;20181205;000000;1635;1660;1600.5;1619;238743;0
FIVE-гдр;D;20181206;000000;1618;1630;1585;1610.5;116567;0
FIVE-гдр;D;20181207;000000;1608.5;1673.5;1592;1635;159645;0
FIVE-гдр;D;20181210;000000;1628.5;1654.5;1584;1584;72008;0
FIVE-гдр;D;20181211;000000;1597.5;1599.5;1557.5;1577.5;76123;0
FIVE-гдр;D;20181212;000000;1583.5;1583.5;1557;1576;50999;0
FIVE-гдр;D;20181213;000000;1585.5;1633.5;1565.5;1618.5;85265;0
FIVE-гдр;D;20181214;000000;1600.5;1640;1593;1640;50975;0
FIVE-гдр;D;20181217;000000;1627.5;1660;1612;1656.5;59989;0
FIVE-гдр;D;20181218;000000;1630;1721.5;1623.5;1719.5;179412;0
FIVE-гдр;D;20181219;000000;1705;1779;1696;1774;110203;0
FIVE-гдр;D;20181220;000000;1753;1800;1685;1800;165759;0
FIVE-гдр;D;20181221;000000;1789.5;1805;1721;1805;149671;0
FIVE-гдр;D;20181224;000000;1805;1811;1700;1700;42535;0
FIVE-гдр;D;20181225;000000;1700;1701.5;1615;1646.5;45906;0
FIVE-гдр;D;20181226;000000;1640;1685;1640;1680;50850;0
FIVE-гдр;D;20181227;000000;1694;1710;1661.5;1691.5;84359;0
FIVE-гдр;D;20181228;000000;1708;1746.5;1700;1746.5;40967;0
FIVE-гдр;D;20181229;000000;1749.5;1750;1725;1725;6340;0
FIVE-гдр;D;20190103;000000;1749.5;1823;1672;1823;69643;0
FIVE-гдр;D;20190104;000000;1819.5;1874;1801.5;1868;92029;0
FIVE-гдр;D;20190108;000000;1865.5;1865.5;1802.5;1822;127595;0
FIVE-гдр;D;20190109;000000;1822.5;1843.5;1777.5;1792;135981;0
FIVE-гдр;D;20190110;000000;1799.5;1800;1747;1759.5;114576;0
FIVE-гдр;D;20190111;000000;1768;1780.5;1743.5;1760;140800;0
FIVE-гдр;D;20190114;000000;1760;1765;1727.5;1765;73994;0
FIVE-гдр;D;20190115;000000;1765;1800;1757.5;1772.5;88708;0
FIVE-гдр;D;20190116;000000;1782.5;1790.5;1730;1759;69305;0
FIVE-гдр;D;20190117;000000;1759;1794;1690;1721.5;132470;0
FIVE-гдр;D;20190118;000000;1720.5;1795;1693;1783;161482;0
FIVE-гдр;D;20190121;000000;1783;1814;1768.5;1770;79402;0
FIVE-гдр;D;20190122;000000;1769;1829.5;1747;1822.5;123612;0
FIVE-гдр;D;20190123;000000;1823;1835.5;1798;1811;221714;0
FIVE-гдр;D;20190124;000000;1809;1861;1786;1834;169230;0
FIVE-гдр;D;20190125;000000;1842;1854;1789;1820.5;71336;0
FIVE-гдр;D;20190128;000000;1820;1820;1769;1785;66202;0
FIVE-гдр;D;20190129;000000;1776.5;1787;1755;1760;65983;0
FIVE-гдр;D;20190130;000000;1758;1776;1730;1740;139029;0
FIVE-гдр;D;20190131;000000;1749;1786;1702;1715.5;153016;0
FIVE-гдр;D;20190201;000000;1720;1752;1706;1748.5;81402;0
FIVE-гдр;D;20190204;000000;1755.5;1775;1721;1721;89848;0
FIVE-гдр;D;20190205;000000;1734;1766.5;1715;1760;72767;0
FIVE-гдр;D;20190206;000000;1760;1805;1738.5;1793;110895;0
FIVE-гдр;D;20190207;000000;1790.5;1812;1780;1801;65963;0
FIVE-гдр;D;20190208;000000;1800;1822;1793.5;1821.5;40685;0
FIVE-гдр;D;20190211;000000;1812.5;1825;1776;1792;50544;0
FIVE-гдр;D;20190212;000000;1785;1818;1775;1803.5;50663;0
FIVE-гдр;D;20190213;000000;1803.5;1803.5;1738.5;1759.5;117817;0
FIVE-гдр;D;20190214;000000;1741.5;1775;1732.5;1762.5;86230;0
FIVE-гдр;D;20190215;000000;1762.5;1800;1756;1800;94604;0
FIVE-гдр;D;20190218;000000;1795;1805;1778;1796;28638;0
FIVE-гдр;D;20190219;000000;1804;1804.5;1761;1773;54371;0
FIVE-гдр;D;20190220;000000;1784;1828.5;1783;1828.5;84866;0
FIVE-гдр;D;20190221;000000;1830;1833.5;1801;1817;87513;0
FIVE-гдр;D;20190222;000000;1815;1815;1790.5;1811.5;45583;0
FIVE-гдр;D;20190225;000000;1802;1808.5;1772.5;1781.5;72853;0
FIVE-гдр;D;20190226;000000;1775.5;1791;1730;1755.5;183209;0
FIVE-гдр;D;20190227;000000;1749;1749;1695;1704.5;112376;0
FIVE-гдр;D;20190228;000000;1704.5;1709;1660;1676.5;201432;0
FIVE-гдр;D;20190301;000000;1680;1680;1626;1663;156551;0
FIVE-гдр;D;20190304;000000;1652;1679.5;1649.5;1665;64144;0
FIVE-гдр;D;20190305;000000;1657.5;1664.5;1627.5;1636;48100;0
FIVE-гдр;D;20190306;000000;1630;1681;1630;1674;95267;0
FIVE-гдр;D;20190307;000000;1675;1688.5;1640;1644;48748;0
FIVE-гдр;D;20190311;000000;1644.5;1695.5;1644.5;1686.5;101565;0
FIVE-гдр;D;20190312;000000;1691;1714;1670.5;1698;70806;0
FIVE-гдр;D;20190313;000000;1706.5;1713;1643;1646.5;113496;0
FIVE-гдр;D;20190314;000000;1650;1662;1609.5;1616.5;127067;0
FIVE-гдр;D;20190315;000000;1624;1637.5;1591.5;1592.5;155570;0
FIVE-гдр;D;20190318;000000;1598.5;1645;1582.5;1635;156322;0
FIVE-гдр;D;20190319;000000;1639;1648;1605;1605;106597;0
FIVE-гдр;D;20190320;000000;1607;1635.5;1551.5;1607.5;317583;0
FIVE-гдр;D;20190321;000000;1605;1625;1589;1608;233681;0
FIVE-гдр;D;20190322;000000;1607;1607;1576.5;1604;116193;0
FIVE-гдр;D;20190325;000000;1600;1627;1575;1617.5;89645;0
FIVE-гдр;D;20190326;000000;1623;1686.5;1611;1681;144527;0
FIVE-гдр;D;20190327;000000;1688;1689.5;1632;1632;81313;0
FIVE-гдр;D;20190328;000000;1645;1657;1628;1637.5;71065;0
FIVE-гдр;D;20190329;000000;1638;1663;1627;1637;127273;0
FIVE-гдр;D;20190401;000000;1645.5;1678.5;1625;1654;67802;0
FIVE-гдр;D;20190402;000000;1665;1677.5;1643;1654;85084;0
FIVE-гдр;D;20190403;000000;1665;1689;1657.5;1657.5;78005;0
FIVE-гдр;D;20190404;000000;1669;1670;1639;1670;61285;0
FIVE-гдр;D;20190405;000000;1670;1670;1640.5;1659;43659;0
FIVE-гдр;D;20190408;000000;1645;1660;1629.5;1655.5;72770;0
FIVE-гдр;D;20190409;000000;1655;1664.5;1632;1664.5;94640;0
FIVE-гдр;D;20190410;000000;1669;1670;1636;1650;77071;0
FIVE-гдр;D;20190411;000000;1655;1655;1633;1633;53466;0
FIVE-гдр;D;20190412;000000;1642;1655;1625.5;1640.5;76410;0
FIVE-гдр;D;20190415;000000;1638;1644;1630;1633.5;36652;0
FIVE-гдр;D;20190416;000000;1634;1650;1626;1633;64529;0
FIVE-гдр;D;20190417;000000;1642;1728;1636;1728;152070;0
FIVE-гдр;D;20190418;000000;1730;1768;1694.5;1768;118868;0
FIVE-гдр;D;20190419;000000;1762;1780;1743.5;1762.5;27957;0
FIVE-гдр;D;20190422;000000;1763;1790;1755.5;1758.5;21516;0
FIVE-гдр;D;20190423;000000;1762.5;1835;1762;1804;112127;0
FIVE-гдр;D;20190424;000000;1806;1810;1777.5;1810;85680;0
FIVE-гдр;D;20190425;000000;1791.5;1922.5;1791.5;1910;249695;0
FIVE-гдр;D;20190426;000000;1910;1912;1866.5;1912;75890;0
FIVE-гдр;D;20190429;000000;1900;1945;1868;1894.5;41105;0
FIVE-гдр;D;20190430;000000;1907;1963;1875;1963;117145;0
FIVE-гдр;D;20190502;000000;1974;1974.5;1924;1967;47300;0
FIVE-гдр;D;20190503;000000;1970;2018.5;1957;1999.5;82023;0
FIVE-гдр;D;20190506;000000;2000;2000;1931.5;1970;49331;0
FIVE-гдр;D;20190507;000000;1966;1998;1965;1983;58338;0
FIVE-гдр;D;20190508;000000;1969.5;1993.5;1927;1927;103615;0
FIVE-гдр;D;20190510;000000;1903.5;1950;1892.5;1896;99399;0
FIVE-гдр;D;20190513;000000;1914.5;1948;1891.5;1904;110590;0
FIVE-гдр;D;20190514;000000;1922;1941;1886.5;1908.5;130361;0
FIVE-гдр;D;20190515;000000;1918.5;1921.5;1893.5;1897;102710;0
FIVE-гдр;D;20190516;000000;1890;1969.5;1887;1943;153333;0
FIVE-гдр;D;20190517;000000;1930;2020;1924.5;2000;155205;0
FIVE-гдр;D;20190520;000000;2017.5;2019.5;1957.5;1995;98375;0
FIVE-гдр;D;20190521;000000;2003.5;2011;1934.5;1952;78046;0
FIVE-гдр;D;20190522;000000;1951.5;1955;1914;1933.5;88277;0
FIVE-гдр;D;20190523;000000;1874;1889.5;1845.5;1857.5;131674;0
FIVE-гдр;D;20190524;000000;1857.5;1873.5;1817;1828;72937;0
FIVE-гдр;D;20190527;000000;1828;1864;1827.5;1857.5;23819;0
FIVE-гдр;D;20190528;000000;1867;1875.5;1802.5;1847;297496;0
FIVE-гдр;D;20190529;000000;1839;1908;1834.5;1901;113987;0
FIVE-гдр;D;20190530;000000;1890;1924.5;1890;1924;99343;0
FIVE-гдр;D;20190531;000000;1923;1940.5;1890.5;1922.5;77091;0
FIVE-гдр;D;20190603;000000;1899.5;2019;1898;2010;101314;0
FIVE-гдр;D;20190604;000000;1998;2030;1982.5;2005;85727;0
FIVE-гдр;D;20190605;000000;1993;2044;1977;2033;84438;0
FIVE-гдр;D;20190606;000000;2033.5;2049.5;2019.5;2045;65346;0
FIVE-гдр;D;20190607;000000;2045;2073;2010.5;2040.5;72505;0
FIVE-гдр;D;20190610;000000;2045;2053.5;2027;2049;43030;0
FIVE-гдр;D;20190611;000000;2048.5;2107;2032;2093;206683;0
FIVE-гдр;D;20190613;000000;2099;2099.5;2056;2098;103624;0
FIVE-гдр;D;20190614;000000;2098;2130.5;2065;2066;89005;0
FIVE-гдр;D;20190617;000000;2072;2097;2045.5;2052.5;98755;0
FIVE-гдр;D;20190618;000000;2066.5;2084;2045;2071.5;105267;0
FIVE-гдр;D;20190619;000000;2072;2247.5;2040;2074;59290;0
FIVE-гдр;D;20190620;000000;2056;2122;2056;2090.5;277012;0
FIVE-гдр;D;20190621;000000;2085;2148;2070;2130;153033;0
FIVE-гдр;D;20190624;000000;2132;2159;2110.5;2159;68967;0
FIVE-гдр;D;20190625;000000;2143.5;2160;2121.5;2154;73854;0
FIVE-гдр;D;20190626;000000;2152;2232;2146;2221.5;128731;0
FIVE-гдр;D;20190627;000000;2230;2252.5;2205.5;2235;84376;0
FIVE-гдр;D;20190628;000000;2225.5;2243.5;2154.5;2177.5;67978;0
FIVE-гдр;D;20190701;000000;2180;2198.5;2131.5;2136.5;53444;0
FIVE-гдр;D;20190702;000000;2130;2249;2125.5;2240;136631;0
FIVE-гдр;D;20190703;000000;2242;2277;2188;2258;93963;0
FIVE-гдр;D;20190704;000000;2248.5;2257.5;2216.5;2230.5;73322;0
FIVE-гдр;D;20190705;000000;2225.5;2254;2211.5;2254;52147;0
FIVE-гдр;D;20190708;000000;2245;2246.5;2192;2220;92761;0
FIVE-гдр;D;20190709;000000;2210;2218.5;2160;2179.5;59724;0
FIVE-гдр;D;20190710;000000;2187.5;2215.5;2153.5;2215.5;76028;0
FIVE-гдр;D;20190711;000000;2217.5;2217.5;2143.5;2171;69665;0
FIVE-гдр;D;20190712;000000;2173.5;2210;2169;2197;59908;0
FIVE-гдр;D;20190715;000000;2210;2234.5;2185;2210;55046;0
FIVE-гдр;D;20190716;000000;2209;2252;2202;2249;101737;0
FIVE-гдр;D;20190717;000000;2239;2249.5;2184.5;2192;78823;0
FIVE-гдр;D;20190718;000000;2193;2227.5;2185.5;2188;79911;0
FIVE-гдр;D;20190719;000000;2207.5;2223;2180;2180;67948;0
FIVE-гдр;D;20190722;000000;2187;2197;2101;2101;82773;0
FIVE-гдр;D;20190723;000000;2118;2152;2102;2136.5;57422;0
FIVE-гдр;D;20190724;000000;2148.5;2149.5;2116.5;2129.5;47971;0
FIVE-гдр;D;20190725;000000;2129.5;2162;2112.5;2140;77766;0
FIVE-гдр;D;20190726;000000;2144;2150;2101;2118.5;101786;0
FIVE-гдр;D;20190729;000000;2134;2148.5;2101;2101.5;75042;0
FIVE-гдр;D;20190730;000000;2119.5;2121.5;2074.5;2110.5;45696;0
FIVE-гдр;D;20190731;000000;2091;2127.5;2072;2100.5;111721;0
FIVE-гдр;D;20190801;000000;2109.5;2174.5;2100;2165.5;92340;0
FIVE-гдр;D;20190802;000000;2130;2177;2106;2136;127071;0
FIVE-гдр;D;20190805;000000;2148;2148.5;2056;2058;145765;0
FIVE-гдр;D;20190806;000000;2078.5;2091.5;2064.5;2072;99827;0
FIVE-гдр;D;20190807;000000;2088;2100;2036;2042;86650;0
FIVE-гдр;D;20190808;000000;2050;2097.5;2044;2044;112741;0
FIVE-гдр;D;20190809;000000;2045;2077;2045;2056.5;55501;0
FIVE-гдр;D;20190812;000000;2064;2100;2061;2090;59713;0
FIVE-гдр;D;20190813;000000;2096.5;2124;2081.5;2095.5;89180;0
FIVE-гдр;D;20190814;000000;2109;2125;2073;2073;115428;0
FIVE-гдр;D;20190815;000000;2092.5;2172.5;2091;2126;163272;0
FIVE-гдр;D;20190816;000000;2148;2174;2118.5;2118.5;123079;0
FIVE-гдр;D;20190819;000000;2139.5;2180;2124;2125;242943;0
FIVE-гдр;D;20190820;000000;2125;2193.5;2000;2146.5;301696;0
FIVE-гдр;D;20190821;000000;2146.5;2219;2121.5;2218;209046;0
FIVE-гдр;D;20190822;000000;2204.5;2222.5;2192.5;2194.5;91342;0
FIVE-гдр;D;20190823;000000;2216.5;2216.5;2153;2153;80406;0
FIVE-гдр;D;20190826;000000;2149.5;2200.5;2125.5;2160;46422;0
FIVE-гдр;D;20190827;000000;2160;2203.5;2107;2148.5;254643;0
FIVE-гдр;D;20190828;000000;2136;2168;2127;2158;73061;0
FIVE-гдр;D;20190829;000000;2158;2232;2146;2232;106623;0
FIVE-гдр;D;20190830;000000;2225.5;2304;2205;2298.5;178099;0
FIVE-гдр;D;20190902;000000;2282.5;2322;2260.5;2302.5;105719;0
FIVE-гдр;D;20190903;000000;2276;2312;2231.5;2267;122081;0
FIVE-гдр;D;20190904;000000;2265.5;2300;2242;2242;98662;0
FIVE-гдр;D;20190905;000000;2242.5;2300;2242.5;2300;105437;0
FIVE-гдр;D;20190906;000000;2301;2304;2260;2287;76285;0
FIVE-гдр;D;20190909;000000;2287;2304;2266.5;2304;40149;0
FIVE-гдр;D;20190910;000000;2284;2320;2277;2319.5;80919;0
FIVE-гдр;D;20190911;000000;2312;2390;2312;2390;137157;0
FIVE-гдр;D;20190912;000000;2366;2375;2318.5;2369;106698;0
FIVE-гдр;D;20190913;000000;2358;2358;2309;2340;80801;0
FIVE-гдр;D;20190916;000000;2331.5;2349;2299;2334.5;102823;0
FIVE-гдр;D;20190917;000000;2312;2337;2296.5;2308;109785;0
FIVE-гдр;D;20190918;000000;2311.5;2315.5;2230.5;2275;209292;0
FIVE-гдр;D;20190919;000000;2275;2275.5;2245;2262;143246;0
FIVE-гдр;D;20190920;000000;2262;2267;2200;2218;255692;0
FIVE-гдр;D;20190923;000000;2218;2221;2190.5;2200.5;73880;0
FIVE-гдр;D;20190924;000000;2216.5;2269;2197.5;2220.5;153025;0
FIVE-гдр;D;20190925;000000;2207.5;2242.5;2187.5;2206;131449;0
FIVE-гдр;D;20190926;000000;2224;2283.5;2200.5;2263.5;150513;0
FIVE-гдр;D;20190927;000000;2267;2287;2226.5;2226.5;77652;0
FIVE-гдр;D;20190930;000000;2235;2282;2223.5;2279;86113;0
FIVE-гдр;D;20191001;000000;2279;2320.5;2275;2318;93388;0
FIVE-гдр;D;20191002;000000;2306.5;2315.5;2232.5;2261.5;80589;0
FIVE-гдр;D;20191003;000000;2262;2275.5;2145.5;2155;148194;0
FIVE-гдр;D;20191004;000000;2169;2212;2137;2158;139365;0
FIVE-гдр;D;20191007;000000;2158;2158;2077;2092;119589;0
FIVE-гдр;D;20191008;000000;2097.5;2113;2072;2106.5;66336;0
FIVE-гдр;D;20191009;000000;2104;2104;2080.5;2095;88384;0
FIVE-гдр;D;20191010;000000;2099.5;2099.5;2068;2068;86193;0
FIVE-гдр;D;20191011;000000;2082.5;2082.5;1992.5;2007;160814;0
FIVE-гдр;D;20191014;000000;2016;2018.5;1982;1999;103047;0
FIVE-гдр;D;20191015;000000;1991.5;2041.5;1980;2040;103657;0
FIVE-гдр;D;20191016;000000;2039.5;2047;2022.5;2040;84510;0
FIVE-гдр;D;20191017;000000;2049.5;2083.5;2012;2020;187507;0
FIVE-гдр;D;20191018;000000;2024;2050;2011;2044.5;114341;0
FIVE-гдр;D;20191021;000000;2036.5;2048.5;1941.5;1963;301997;0
FIVE-гдр;D;20191022;000000;1970;2055;1917.5;2044.5;601969;0
FIVE-гдр;D;20191023;000000;2053.5;2132;1974;2003;323695;0
FIVE-гдр;D;20191024;000000;2003;2037;1981;2030;200154;0
FIVE-гдр;D;20191025;000000;2038;2081.5;1961;1991;186590;0
FIVE-гдр;D;20191028;000000;1989;2070;1979.5;2069;227539;0
FIVE-гдр;D;20191029;000000;2070;2089;2037.5;2080;154513;0
FIVE-гдр;D;20191030;000000;2078.5;2124;2050;2124;204821;0
FIVE-гдр;D;20191031;000000;2120;2147;2102;2147;118238;0
FIVE-гдр;D;20191101;000000;2142.5;2197;2131;2168;235353;0
FIVE-гдр;D;20191105;000000;2194;2250;2194;2230;176128;0
FIVE-гдр;D;20191106;000000;2230.5;2269;2205;2269;167612;0
FIVE-гдр;D;20191107;000000;2246.5;2270;2245;2265;144210;0
FIVE-гдр;D;20191108;000000;2262.5;2265;2203;2230;109134;0
FIVE-гдр;D;20191111;000000;2228;2243;2182;2205.5;98862;0
FIVE-гдр;D;20191112;000000;2202;2241.5;2185;2221;89447;0
FIVE-гдр;D;20191113;000000;2212.5;2247.5;2171.5;2224;110737;0
FIVE-гдр;D;20191114;000000;2224.5;2230;2155;2194.5;192585;0
FIVE-гдр;D;20191115;000000;2184;2210;2154.5;2157.5;72281;0
FIVE-гдр;D;20191118;000000;2161.5;2185.5;2138;2170.5;86784;0
FIVE-гдр;D;20191119;000000;2162;2209;2156.5;2171;102060;0
FIVE-гдр;D;20191120;000000;2166.5;2173.5;2140.5;2150.5;73781;0
FIVE-гдр;D;20191121;000000;2146;2146;2085;2119.5;132958;0
FIVE-гдр;D;20191122;000000;2123.5;2155.5;2103;2149;111296;0
FIVE-гдр;D;20191125;000000;2150;2172;2133.5;2160;93903;0
FIVE-гдр;D;20191126;000000;2173;2173;2120;2124.5;300551;0
FIVE-гдр;D;20191127;000000;2134;2150;2111.5;2142.5;112758;0
FIVE-гдр;D;20191128;000000;2143;2143.5;2105;2115;56485;0
FIVE-гдр;D;20191129;000000;2117.5;2145.5;2098;2144;85087;0
FIVE-гдр;D;20191202;000000;2144;2159.5;2085;2087.5;110034;0
FIVE-гдр;D;20191203;000000;2097;2097;2040.5;2056;111026;0
FIVE-гдр;D;20191204;000000;2043.5;2074.5;2037;2061;84459;0
FIVE-гдр;D;20191205;000000;2061;2071.5;2037.5;2055;74711;0
FIVE-гдр;D;20191206;000000;2046;2090;2046;2090;76076;0
FIVE-гдр;D;20191209;000000;2090;2122;2070;2117.5;91107;0
FIVE-гдр;D;20191210;000000;2118.5;2134;2090;2132.5;122908;0
FIVE-гдр;D;20191211;000000;2132;2199;2119.5;2181;143359;0
FIVE-гдр;D;20191212;000000;2181;2242;2181;2232.5;207548;0
FIVE-гдр;D;20191213;000000;2242;2248.5;2215.5;2237.5;119281;0
FIVE-гдр;D;20191216;000000;2237.5;2238;2154;2154;235826;0
FIVE-гдр;D;20191217;000000;2159;2208.5;2140;2147;195720;0
FIVE-гдр;D;20191218;000000;2142;2175.5;2130;2165;107913;0
FIVE-гдр;D;20191219;000000;2155;2170;2095;2110;253223;0
FIVE-гдр;D;20191220;000000;2117;2117;2055.5;2082;159185;0
FIVE-гдр;D;20191223;000000;2086;2113;2085;2111;92869;0
FIVE-гдр;D;20191224;000000;2110;2120;2103;2118.5;57307;0
FIVE-гдр;D;20191225;000000;2118;2126.5;2082;2105.5;64117;0
FIVE-гдр;D;20191226;000000;2105.5;2109;2091.5;2094.5;69747;0
FIVE-гдр;D;20191227;000000;2100;2137.5;2094.5;2131;113394;0
FIVE-гдр;D;20191230;000000;2130;2134.5;2106.5;2134.5;120760;0
FIVE-гдр;D;20200103;000000;2135.5;2139.5;2100;2130.5;122058;0
FIVE-гдр;D;20200106;000000;2130;2130;2069;2119;140720;0
FIVE-гдр;D;20200108;000000;2105.5;2110.5;2089;2109;100484;0
FIVE-гдр;D;20200109;000000;2099.5;2152;2092;2152;171730;0
FIVE-гдр;D;20200110;000000;2152;2205;2115;2202;242715;0
FIVE-гдр;D;20200113;000000;2197;2209.5;2161.5;2209.5;87859;0
FIVE-гдр;D;20200114;000000;2209.5;2224.5;2150;2150.5;219745;0
FIVE-гдр;D;20200115;000000;2150.5;2163.5;2087.5;2095;334146;0
FIVE-гдр;D;20200116;000000;2105;2114;2090;2100.5;203146;0
FIVE-гдр;D;20200117;000000;2105;2113;2085;2110;204788;0
FIVE-гдр;D;20200120;000000;2110;2124.5;2081;2089.5;379114;0
FIVE-гдр;D;20200121;000000;2089.5;2102.5;2061;2098;285265;0
FIVE-гдр;D;20200122;000000;2110;2153;2098.5;2150.5;540487;0
FIVE-гдр;D;20200123;000000;2149;2168;2100;2167;258406;0
FIVE-гдр;D;20200124;000000;2167;2192.5;2137;2192.5;253323;0
FIVE-гдр;D;20200127;000000;2170;2236.5;2140;2228;330561;0
FIVE-гдр;D;20200128;000000;2230;2241.5;2191;2205;242887;0
FIVE-гдр;D;20200129;000000;2215;2273;2170;2264.5;218983;0
FIVE-гдр;D;20200130;000000;2260;2356;2230.5;2354.5;272883;0
FIVE-гдр;D;20200131;000000;2354.5;2377;2330.5;2335;186596;0
FIVE-гдр;D;20200203;000000;2330.5;2375.5;2315.5;2339.5;294637;0
FIVE-гдр;D;20200204;000000;2350;2364.5;2312;2323.5;281211;0
FIVE-гдр;D;20200205;000000;2323.5;2324;2267;2283.5;329673;0
FIVE-гдр;D;20200206;000000;2270;2308;2251;2269.5;194052;0
FIVE-гдр;D;20200207;000000;2274.5;2284;2218.5;2236;108655;0
FIVE-гдр;D;20200210;000000;2238.5;2247.5;2175;2175;119252;0
FIVE-гдр;D;20200211;000000;2188;2258.5;2144;2166.5;257728;0
FIVE-гдр;D;20200212;000000;2176;2195;2128;2187;280198;0
FIVE-гдр;D;20200213;000000;2185.5;2198;2155.5;2177;165975;0
FIVE-гдр;D;20200214;000000;2177.5;2187.5;2143.5;2152;198791;0
FIVE-гдр;D;20200217;000000;2150;2174;2135;2164;114601;0
FIVE-гдр;D;20200218;000000;2164;2186.5;2150.5;2172.5;159250;0
FIVE-гдр;D;20200219;000000;2172.5;2256.5;2166.5;2256.5;134739;0
FIVE-гдр;D;20200220;000000;2251;2269.5;2222;2241.5;140692;0
FIVE-гдр;D;20200221;000000;2232;2281.5;2223;2252;93813;0
FIVE-гдр;D;20200225;000000;2223;2264.5;2156;2156;203732;0
FIVE-гдр;D;20200226;000000;2151.5;2225;2110;2168.5;324646;0
FIVE-гдр;D;20200227;000000;2165;2180;2081;2102.5;248181;0
FIVE-гдр;D;20200228;000000;2070;2139.5;1893;2070.5;622734;0
FIVE-гдр;D;20200302;000000;2111.5;2166;2023;2061;657900;0
FIVE-гдр;D;20200303;000000;2077;2139;2045.5;2088;224358;0
FIVE-гдр;D;20200304;000000;2074.5;2116;2032;2093;225320;0
FIVE-гдр;D;20200305;000000;2108.5;2124.5;2073;2119;201018;0
FIVE-гдр;D;20200306;000000;2112.5;2112.5;1998;2000;296292;0
FIVE-гдр;D;20200310;000000;1900;1954;1810.5;1835;831830;0
FIVE-гдр;D;20200311;000000;1874;1908;1824;1862.5;305405;0
FIVE-гдр;D;20200312;000000;1820;1851;1632.5;1643;387187;0
FIVE-гдр;D;20200313;000000;1639.5;1836.5;1609.5;1760.5;426547;0
FIVE-гдр;D;20200316;000000;1740;1868;1707;1761.5;300642;0
FIVE-гдр;D;20200317;000000;1797.5;1833.5;1634.5;1647;423338;0
FIVE-гдр;D;20200318;000000;1680;1824;1670.5;1702;650065;0
FIVE-гдр;D;20200319;000000;1702;1818.5;1695;1737.5;733783;0
FIVE-гдр;D;20200320;000000;1775;2045.5;1775;1951.5;740517;0
FIVE-гдр;D;20200323;000000;1991.5;2120;1851;2065.5;558546;0
FIVE-гдр;D;20200324;000000;2098;2258;2075;2084;709760;0
FIVE-гдр;D;20200325;000000;2087;2150;1897.5;1974;652768;0
FIVE-гдр;D;20200326;000000;1989.5;2035;1904;2006.5;379731;0
FIVE-гдр;D;20200327;000000;2021;2021;1930;1978;245930;0
FIVE-гдр;D;20200330;000000;1980;2047.5;1960;2020;288590;0
FIVE-гдр;D;20200331;000000;2020.5;2135;2020.5;2091.5;421391;0
FIVE-гдр;D;20200401;000000;2080;2157.5;2036.5;2135;329028;0
FIVE-гдр;D;20200402;000000;2140;2500;2080.5;2182.5;319769;0
FIVE-гдр;D;20200403;000000;2183;2249.5;2120;2230;315018;0
FIVE-гдр;D;20200406;000000;2249;2346;2247;2346;296151;0
FIVE-гдр;D;20200407;000000;2362;2432;2220;2255.5;512986;0
FIVE-гдр;D;20200408;000000;2259;2290;2183;2290;407923;0
FIVE-гдр;D;20200409;000000;2302.5;2305.5;2234;2275;248100;0
FIVE-гдр;D;20200410;000000;2253;2257.5;2215;2224;81820;0
FIVE-гдр;D;20200413;000000;2200;2239;2152;2170;172832;0
FIVE-гдр;D;20200414;000000;2187;2227;2126;2169.5;405791;0
FIVE-гдр;D;20200415;000000;2168;2180.5;2082.5;2106.5;180233;0
FIVE-гдр;D;20200416;000000;2120;2171;2080;2154.5;328618;0
FIVE-гдр;D;20200417;000000;2176;2210;2105;2113;230726;0
FIVE-гдр;D;20200420;000000;2119.5;2151;2070.5;2081;173096;0
FIVE-гдр;D;20200421;000000;2073.5;2144.5;2028.5;2130.5;442464;0
FIVE-гдр;D;20200422;000000;2131;2232;2130.5;2218;422946;0
FIVE-гдр;D;20200423;000000;2225;2237;2175;2205;220506;0
FIVE-гдр;D;20200424;000000;2209.5;2212.5;2132;2147;294198;0
FIVE-гдр;D;20200427;000000;2160;2201;2151.5;2184;118454;0
FIVE-гдр;D;20200428;000000;2180;2240;2171.5;2195;381006;0
FIVE-гдр;D;20200429;000000;2200;2210;2175;2198;209825;0
FIVE-гдр;D;20200430;000000;2202.5;2222;2173;2200.5;197416;0
FIVE-гдр;D;20200504;000000;2178;2225;2159.5;2207;250900;0
FIVE-гдр;D;20200505;000000;2222;2237;2182;2184.5;125198;0
FIVE-гдр;D;20200506;000000;2192.5;2192.5;2138;2163.5;212349;0
FIVE-гдр;D;20200507;000000;2164;2240;2146;2238;311427;0
FIVE-гдр;D;20200508;000000;2260;2270;2218.5;2227;146573;0
FIVE-гдр;D;20200512;000000;2225.5;2258.5;2206;2215;152660;0
FIVE-гдр;D;20200513;000000;2215.5;2235;2175.5;2217;156836;0
FIVE-гдр;D;20200514;000000;2215;2227.5;2176.5;2216;252422;0
FIVE-гдр;D;20200515;000000;2222;2245.5;2151;2151;245965;0
FIVE-гдр;D;20200518;000000;2161.5;2212;2161.5;2212;185843;0
FIVE-гдр;D;20200519;000000;2220.5;2225.5;2167.5;2186.5;220562;0
FIVE-гдр;D;20200520;000000;2187;2206;2170.5;2181.5;325836;0
FIVE-гдр;D;20200521;000000;2188.5;2207;2171.5;2207;250403;0
FIVE-гдр;D;20200522;000000;2186;2209;2182;2192.5;226216;0
FIVE-гдр;D;20200525;000000;2204;2248;2200;2237;149961;0
FIVE-гдр;D;20200526;000000;2250;2254;2207;2224;409135;0
FIVE-гдр;D;20200527;000000;2236;2239;2193;2239;428537;0
FIVE-гдр;D;20200528;000000;2149;2195;2135;2189.5;352135;0
FIVE-гдр;D;20200529;000000;2190;2190;2080;2089;936925;0
FIVE-гдр;D;20200601;000000;2037;2128;2037;2103.5;313647;0
FIVE-гдр;D;20200602;000000;2119;2180;2106.5;2180;297034;0
FIVE-гдр;D;20200603;000000;2180.5;2185;2131.5;2163;297989;0
FIVE-гдр;D;20200604;000000;2162.5;2162.5;2100;2125;270781;0
FIVE-гдр;D;20200605;000000;2137;2154;2093.5;2126;290137;0
FIVE-гдр;D;20200608;000000;2130;2140;2105.5;2120;268793;0
FIVE-гдр;D;20200609;000000;2123;2130.5;2052;2070.5;377209;0
FIVE-гдр;D;20200610;000000;2075;2204.5;2070.5;2188.5;999620;0
FIVE-гдр;D;20200611;000000;2175;2421;2166;2345;1230716;0
FIVE-гдр;D;20200615;000000;2352;2398;2280;2329.5;473644;0
FIVE-гдр;D;20200616;000000;2350;2369.5;2305;2320.5;265086;0
FIVE-гдр;D;20200617;000000;2300.5;2337;2260;2260;183621;0
FIVE-гдр;D;20200618;000000;2250.5;2289;2232;2267;391759;0
FIVE-гдр;D;20200619;000000;2270.5;2289.5;2235.5;2282.5;252948;0
FIVE-гдр;D;20200622;000000;2276.5;2362.5;2222;2351;335494;0
FIVE-гдр;D;20200623;000000;2341.5;2375;2325;2369;189628;0
FIVE-гдр;D;20200625;000000;2343;2429;2343;2419;345110;0
FIVE-гдр;D;20200626;000000;2420;2492;2420;2482;306022;0
FIVE-гдр;D;20200629;000000;2486;2540;2460.5;2518;220670;0
FIVE-гдр;D;20200630;000000;2494;2564;2490;2502;236283;0
FIVE-гдр;D;20200702;000000;2502.5;2535;2502.5;2512.5;156587;0
FIVE-гдр;D;20200703;000000;2515;2576.5;2500;2566;86700;0
FIVE-гдр;D;20200706;000000;2571;2660;2545;2606.5;219488;0
FIVE-гдр;D;20200707;000000;2601.5;2679;2587.5;2608.5;263486;0
FIVE-гдр;D;20200708;000000;2615;2615;2523;2537.5;182069;0
FIVE-гдр;D;20200709;000000;2558.5;2558.5;2461.5;2509;347297;0
FIVE-гдр;D;20200710;000000;2508.5;2549.5;2460;2549.5;154920;0
FIVE-гдр;D;20200713;000000;2536.5;2578;2474;2509.5;119698;0
FIVE-гдр;D;20200714;000000;2497.5;2507;2430.5;2475;196734;0
FIVE-гдр;D;20200715;000000;2491;2505.5;2455.5;2493;180077;0
FIVE-гдр;D;20200716;000000;2502.5;2541;2444;2541;177845;0
FIVE-гдр;D;20200717;000000;2544.5;2564;2504.5;2521.5;192041;0
FIVE-гдр;D;20200720;000000;2521;2521;2475;2518;215431;0
FIVE-гдр;D;20200721;000000;2520;2665;2520;2654.5;342767;0
FIVE-гдр;D;20200722;000000;2661;2739.5;2640.5;2709;257000;0
FIVE-гдр;D;20200723;000000;2727.5;2785;2713.5;2780;138167;0
FIVE-гдр;D;20200724;000000;2777.5;2796.5;2720.5;2790;168910;0
FIVE-гдр;D;20200727;000000;2790;2798;2760;2780;144775;0
FIVE-гдр;D;20200728;000000;2760.5;2869;2760.5;2869;201653;0
FIVE-гдр;D;20200729;000000;2870;2870;2794.5;2839.5;175357;0
FIVE-гдр;D;20200730;000000;2850;2875;2770;2790;147700;0
FIVE-гдр;D;20200731;000000;2795.5;2824.5;2772.5;2780;88167;0
FIVE-гдр;D;20200803;000000;2780;2829.5;2601;2770;92578;0
FIVE-гдр;D;20200804;000000;2805;2822.5;2770;2820;106676;0
FIVE-гдр;D;20200805;000000;2827;2838.5;2797;2827;177709;0
FIVE-гдр;D;20200806;000000;2839.5;2850;2812;2849;99070;0
FIVE-гдр;D;20200807;000000;2845.5;2859;2820;2844.5;111949;0
FIVE-гдр;D;20200810;000000;2840.5;2877.5;2804;2837;95026;0
FIVE-гдр;D;20200811;000000;2827;2860;2802;2815;139353;0
FIVE-гдр;D;20200812;000000;2818.5;2840;2751;2802;221021;0
FIVE-гдр;D;20200813;000000;2804.5;2889;2804.5;2865.5;363871;0
FIVE-гдр;D;20200814;000000;2875;2887;2806;2828;193531;0
FIVE-гдр;D;20200817;000000;2838;2838;2785.5;2822.5;129272;0
FIVE-гдр;D;20200818;000000;2810.5;2838;2775;2820;167640;0
FIVE-гдр;D;20200819;000000;2829;2882;2795;2806;205924;0
FIVE-гдр;D;20200820;000000;2807;2830;2788;2818;68433;0
FIVE-гдр;D;20200821;000000;2829.5;2834;2772.5;2790;128663;0
FIVE-гдр;D;20200824;000000;2790.5;2875;2790.5;2866;143600;0
FIVE-гдр;D;20200825;000000;2868.5;2884.5;2821;2846;69237;0
FIVE-гдр;D;20200826;000000;2839;2853;2820;2837;80063;0
FIVE-гдр;D;20200827;000000;2840;2840;2766;2774;167808;0
FIVE-гдр;D;20200828;000000;2796;2796;2690;2713;145901;0
FIVE-гдр;D;20200831;000000;2724.5;2750;2663;2674;369247;0
FIVE-гдр;D;20200901;000000;2706;2706;2577;2622;276689;0
FIVE-гдр;D;20200902;000000;2604;2704.5;2591.5;2661;213588;0
FIVE-гдр;D;20200903;000000;2684.5;2684.5;2626.5;2658;146983;0
FIVE-гдр;D;20200904;000000;2663.5;2694;2623;2672;110152;0
FIVE-гдр;D;20200907;000000;2679;2679;2622;2639.5;116295;0
FIVE-гдр;D;20200908;000000;2639.5;2709.5;2627;2683;257531;0
FIVE-гдр;D;20200909;000000;2675;2700;2585;2603;173171;0
FIVE-гдр;D;20200910;000000;2591;2620.5;2585;2608.5;109949;0
FIVE-гдр;D;20200911;000000;2617.5;2619.5;2561.5;2597.5;184637;0
FIVE-гдр;D;20200914;000000;2613.5;2648.5;2593.5;2623;138960;0
FIVE-гдр;D;20200915;000000;2637;2700;2608;2697;253929;0
FIVE-гдр;D;20200916;000000;2699.5;2727;2643;2682.5;222125;0
FIVE-гдр;D;20200917;000000;2662;2826;2662;2809.5;505699;0
FIVE-гдр;D;20200918;000000;2810;2861;2786;2821.5;303264;0
FIVE-гдр;D;20200921;000000;2828;2850;2806;2841.5;253875;0
FIVE-гдр;D;20200922;000000;2824;2960;2824;2893;235832;0
FIVE-гдр;D;20200923;000000;2901;3050;2870;2954.5;379355;0
FIVE-гдр;D;20200924;000000;2979;3031;2947;2999.5;304521;0
FIVE-гдр;D;20200925;000000;2990.5;3009.5;2928;2965;230544;0
FIVE-гдр;D;20200928;000000;2982.5;3015;2921;2959;159013;0
FIVE-гдр;D;20200929;000000;2950;2960;2895;2937;151293;0
FIVE-гдр;D;20200930;000000;2928.5;2947;2870.5;2887.5;129657;0
FIVE-гдр;D;20201001;000000;2887.5;2902.5;2806;2841.5;168089;0
FIVE-гдр;D;20201002;000000;2844;2897.5;2832;2870;101960;0
FIVE-гдр;D;20201005;000000;2890;2938.5;2850.5;2915;165766;0
FIVE-гдр;D;20201006;000000;2930;2937.5;2880;2907.5;115095;0
FIVE-гдр;D;20201007;000000;2892.5;2904;2815.5;2868.5;205080;0
FIVE-гдр;D;20201008;000000;2881;2905;2834;2845;77164;0
FIVE-гдр;D;20201009;000000;2859.5;2865;2810;2825;111196;0
FIVE-гдр;D;20201012;000000;2834.5;2955;2821;2955;209536;0
FIVE-гдр;D;20201013;000000;2939.5;2988;2873;2880;169870;0
FIVE-гдр;D;20201014;000000;2897.5;3036.5;2884.5;3031.5;235822;0
FIVE-гдр;D;20201015;000000;3038;3052;2963;3005;180744;0
FIVE-гдр;D;20201016;000000;2991.5;3087;2990;3070;252725;0
FIVE-гдр;D;20201019;000000;3081;3140;3050.5;3119;150850;0
FIVE-гдр;D;20201020;000000;3119.5;3134.5;3001;3024.5;147063;0
FIVE-гдр;D;20201021;000000;3030;3030;2944;2964.5;184746;0
FIVE-гдр;D;20201022;000000;2964;2989;2926;2969;159280;0
FIVE-гдр;D;20201023;000000;2972;2996.5;2930;2994.5;156434;0
FIVE-гдр;D;20201026;000000;2999;3087;2840.5;2882.5;398247;0
FIVE-гдр;D;20201027;000000;2861.5;2914;2782.5;2824.5;447007;0
FIVE-гдр;D;20201028;000000;2829.5;2847.5;2701.5;2797;442730;0
FIVE-гдр;D;20201029;000000;2838.5;2838.5;2741;2781;203298;0
FIVE-гдр;D;20201030;000000;2775;2820;2701;2776.5;192842;0
FIVE-гдр;D;20201102;000000;2788;2878;2729;2856;185301;0
FIVE-гдр;D;20201103;000000;2826.5;2893.5;2788;2840;249146;0
FIVE-гдр;D;20201105;000000;2855;2890.5;2804.5;2829;528365;0
FIVE-гдр;D;20201106;000000;2819;2866.5;2804;2846.5;233182;0
FIVE-гдр;D;20201109;000000;2860.5;2897.5;2804;2841;571570;0
FIVE-гдр;D;20201110;000000;2861;2875;2774.5;2822;280218;0
FIVE-гдр;D;20201111;000000;2805;2829;2658;2733.5;445159;0
FIVE-гдр;D;20201112;000000;2734;2815.5;2700;2784.5;425739;0
FIVE-гдр;D;20201113;000000;2800;2810;2740;2776.5;182404;0
FIVE-гдр;D;20201116;000000;2798;2812;2755;2772;307718;0
FIVE-гдр;D;20201117;000000;2772;2784;2703;2729.5;217955;0
FIVE-гдр;D;20201118;000000;2738.5;2748.5;2700;2729;277163;0
FIVE-гдр;D;20201119;000000;2746.5;2747;2700;2720;221255;0
FIVE-гдр;D;20201120;000000;2706;2725;2657.5;2675;304017;0
FIVE-гдр;D;20201123;000000;2673.5;2709;2606;2637;527780;0
FIVE-гдр;D;20201124;000000;2639.5;2649.5;2590;2612;462713;0
FIVE-гдр;D;20201125;000000;2614.5;2635;2580;2633;437471;0
FIVE-гдр;D;20201126;000000;2641;2734.5;2634.5;2727;856063;0
FIVE-гдр;D;20201127;000000;2739.5;2799;2727;2775;580742;0
FIVE-гдр;D;20201130;000000;2769.5;2824.5;2710;2746.5;893247;0
FIVE-гдр;D;20201201;000000;2749.5;2840;2740;2814;484422;0
FIVE-гдр;D;20201202;000000;2810.5;2860;2793;2829;314941;0
FIVE-гдр;D;20201203;000000;2839.5;2850;2758;2783.5;280759;0
FIVE-гдр;D;20201204;000000;2795.5;2820;2765.5;2786;251007;0
FIVE-гдр;D;20201207;000000;2782;2809;2772;2772;191189;0
FIVE-гдр;D;20201208;000000;2786.5;2787;2702.5;2737.5;414119;0
FIVE-гдр;D;20201209;000000;2740;2858;2726.5;2830.5;822012;0
FIVE-гдр;D;20201210;000000;2837;2888;2837;2860.5;551317;0
FIVE-гдр;D;20201211;000000;2870;2886;2825;2858;362671;0
FIVE-гдр;D;20201214;000000;2865;2905.5;2837;2890;527289;0
FIVE-гдр;D;20201215;000000;2883;2904;2847;2889.5;334571;0
FIVE-гдр;D;20201216;000000;2899.5;2909;2810;2831.5;471406;0
FIVE-гдр;D;20201217;000000;2783.5;2800;2741;2766.5;660566;0
FIVE-гдр;D;20201218;000000;2770;2771.5;2720;2740;319047;0
FIVE-гдр;D;20201221;000000;2747;2770;2653;2688;459750;0
FIVE-гдр;D;20201222;000000;2683;2731.5;2673.5;2720.5;228258;0
FIVE-гдр;D;20201223;000000;2730;2747.5;2677.5;2695.5;260639;0
FIVE-гдр;D;20201224;000000;2707.5;2719;2678;2691;161169;0
FIVE-гдр;D;20201225;000000;2700;2740;2690;2731.5;119472;0
FIVE-гдр;D;20201228;000000;2734.5;2760.5;2727;2742.5;128312;0
FIVE-гдр;D;20201229;000000;2740.5;2765;2738;2745;179721;0
FIVE-гдр;D;20201230;000000;2753.5;2763.5;2727.5;2749;241138;0
